Dataset,Window_Order,Window_Config,Window_Label,N_Subjects,RR_MAE_BPM_Mean,RR_MAE_BPM_SD,RR_MAE_BPM_N,PCC_60s_Mean_Mean,PCC_60s_Mean_SD,PCC_60s_Mean_N,RR_MAE_Event_Mean,RR_MAE_Event_SD,RR_MAE_Event_N,RR_MAE_Wave_CtO_Mean,RR_MAE_Wave_CtO_SD,RR_MAE_Wave_CtO_N,RR_MAE_Wave_FFT_Mean,RR_MAE_Wave_FFT_SD,RR_MAE_Wave_FFT_N,RR_Bias_Event_Mean,RR_Bias_Event_SD,RR_Bias_Event_N,Peak_Wrong_per_min_Mean,Peak_Wrong_per_min_SD,Peak_Wrong_per_min_N,Peak_Missed_per_min_Mean,Peak_Missed_per_min_SD,Peak_Missed_per_min_N,Peak_Extra_per_min_Mean,Peak_Extra_per_min_SD,Peak_Extra_per_min_N,Peak_Sensitivity_Mean,Peak_Sensitivity_SD,Peak_Sensitivity_N,Peak_PPV_Mean,Peak_PPV_SD,Peak_PPV_N,Peak_Timing_Error_ms_Mean,Peak_Timing_Error_ms_SD,Peak_Timing_Error_ms_N,RR_MAE_SmartFusion_Mean,RR_MAE_SmartFusion_SD,RR_MAE_SmartFusion_N,SF_Retained_Ratio_Mean,SF_Retained_Ratio_SD,SF_Retained_Ratio_N,RR_MAE_Median3_Mean,RR_MAE_Median3_SD,RR_MAE_Median3_N,Ref_Valid_Ratio_Mean,Ref_Valid_Ratio_SD,Ref_Valid_Ratio_N
BIDMC,1,w10s_nonoverlap,10 s / 0% overlap,53,1.3487196765498652,1.6047891944685746,53,0.46926693154780424,0.27432923688999733,53,1.6462264150943395,1.7740989410351495,53,1.4016172506738542,1.2985033090864855,53,1.0876467037286612,1.4557156702630527,53,1.3110961365678346,1.9449136851921214,53,7.707097933513028,5.239873282778145,53,3.199573225516622,2.512513272976514,53,4.507524707996406,3.050554062739941,53,0.8161107722889801,0.13638638285970545,53,0.7583133829660763,0.15548721683332595,53,383.9578468620543,111.05635526904928,53,1.159587685309973,1.4005268883065618,53,0.9831536388140163,0.07424190830672404,53,1.1585067104672058,1.460822695525326,53,0.9464285714285714,0.11746312758576286,53
BIDMC,2,w20s_nonoverlap,20 s / 0% overlap,0,,,0,,,0,,,0,,,0,,,0,,,0,,,0,,,0,,,0,,,0,,,0,,,0,,,0,,,0,,,0,,,0
BIDMC,3,w60s_nonoverlap,60 s / 0% overlap,0,,,0,,,0,,,0,,,0,,,0,,,0,,,0,,,0,,,0,,,0,,,0,,,0,,,0,,,0,,,0,,,0
CapnoBase,1,w10s_nonoverlap,10 s / 0% overlap,42,2.6034580498866213,2.7774795748426175,42,0.7692814186468697,0.2432256383646477,42,2.307709750566893,4.378273852605853,42,2.3448412698412704,4.874168486578865,42,2.4058921485260774,5.714750508437692,42,0.4016439909297053,4.896000682547566,42,3.6473356009070295,6.049178004740848,42,1.6168934240362813,4.758971630325549,42,2.030442176870748,2.772513980458216,42,0.9204862116834828,0.13602862295496174,42,0.8634015167781096,0.16539320379647052,42,331.12872382660686,235.34574552636172,42,1.814311401643991,4.495955639733932,42,0.8630102040816325,0.23744589049664622,42,2.0495110544217687,4.6933619618209175,42,0.9227607709750565,0.17068071533043275,42
CapnoBase,2,w20s_nonoverlap,20 s / 0% overlap,0,,,0,,,0,,,0,,,0,,,0,,,0,,,0,,,0,,,0,,,0,,,0,,,0,,,0,,,0,,,0,,,0
CapnoBase,3,w60s_nonoverlap,60 s / 0% overlap,0,,,0,,,0,,,0,,,0,,,0,,,0,,,0,,,0,,,0,,,0,,,0,,,0,,,0,,,0,,,0,,,0
STEAM2,1,w10s_nonoverlap,10 s / 0% overlap,0,,,0,,,0,,,0,,,0,,,0,,,0,,,0,,,0,,,0,,,0,,,0,,,0,,,0,,,0,,,0,,,0
STEAM2,2,w20s_nonoverlap,20 s / 0% overlap,0,,,0,,,0,,,0,,,0,,,0,,,0,,,0,,,0,,,0,,,0,,,0,,,0,,,0,,,0,,,0,,,0
STEAM2,3,w60s_nonoverlap,60 s / 0% overlap,0,,,0,,,0,,,0,,,0,,,0,,,0,,,0,,,0,,,0,,,0,,,0,,,0,,,0,,,0,,,0,,,0
CombinedAllDatasets,1,w10s_nonoverlap,10 s / 0% overlap,95,1.9034461152882203,2.2763776658779507,95,0.6019049153179175,0.29978525136666107,95,1.9386716791979952,3.195507971210409,95,1.818621553884712,3.3936461733651706,95,1.670449953007519,3.9812133959618436,95,0.9090225563909775,3.5712860558315587,95,5.912255639097745,5.937809286263681,95,2.499862155388471,3.7409678858478115,95,3.412393483709273,3.167052226714249,95,0.8622557033897076,0.1451774066763915,95,0.8047734000198175,0.1675062615339692,95,360.60181352006697,177.980118481914,95,1.4490444862155387,3.1636218225309913,95,0.9300375939849624,0.176744833270849,95,1.552424420426065,3.314545196303591,95,0.9359649122807018,0.1431041952280806,95
CombinedAllDatasets,2,w20s_nonoverlap,20 s / 0% overlap,0,,,0,,,0,,,0,,,0,,,0,,,0,,,0,,,0,,,0,,,0,,,0,,,0,,,0,,,0,,,0,,,0
CombinedAllDatasets,3,w60s_nonoverlap,60 s / 0% overlap,0,,,0,,,0,,,0,,,0,,,0,,,0,,,0,,,0,,,0,,,0,,,0,,,0,,,0,,,0,,,0,,,0
