Dataset,Subject,Candidate_Windows,Kept_Windows,Kept_Ratio,Train_OK_Windows,Train_OK_Ratio_Of_Kept,Reference_Breaths,GT_Source,GT_RR_Median_BPM,GT_RR_P05_BPM,GT_RR_P95_BPM,GT_RR_Below_6_Fraction,GT_RR_Above_30_Fraction,Detection_vs_Label_Count_MAE_per_min,Resp_Band_Low_Hz,Resp_Band_High_Hz,PPG_HR_BPM_Spectral,Target_Lag_Sec,Target_Sign,Target_Alignment_Corr,CapnoBase_Signal_Columns,CapnoBase_FS_Pleth,CapnoBase_FS_CO2,CapnoBase_FS_Source,CapnoBase_Record_Sec,CapnoBase_Label_Field,CapnoBase_Label_Units,CapnoBase_Label_Index_Base,CapnoBase_Breath_Labels,CapnoBase_Label_RR_Median_BPM,CapnoBase_Reference_RR_Median_BPM,CapnoBase_Reference_RR_Field,CapnoBase_PPG_Artifacts,CapnoBase_PPG_Artifact_Sec,CapnoBase_CO2_Artifacts,CapnoBase_CO2_Artifact_Sec,CapnoBase_Ventilation,CapnoBase_Age,CapnoBase_Loading_Warnings,Window_Sec,Stride_Sec
CapnoBase,0009,48,48,1.0,48,1.0,152,expert_labels,19.2,17.029159722119797,22.070605722779636,0.0,0.0,0.25,0.05,0.84375,101.25,0.0078125,1.0,0.870031628053246,"pleth_y,co2_y",300.0,300.0,"samplingrate_pleth,samplingrate_co2",480.00333333333333,co2_startexp_x,samples,1,152,19.2102454642476,19.1693,rr_co2_y,0,0.0,0,0.0,spontaneous,4.0,,10.0,10.0
CapnoBase,0015,48,48,1.0,48,1.0,230,expert_labels,28.872180451127818,27.4678955453149,30.0,0.0,0.039301310043668124,0.5,0.05,1.0,120.0,0.078125,1.0,0.8533069246536615,"pleth_y,co2_y",300.0,300.0,"samplingrate_pleth,samplingrate_co2",480.00333333333333,co2_startexp_x,samples,1,230,28.846153846153847,28.8,rr_co2_y,0,0.0,0,0.0,spontaneous,2.0,,10.0,10.0
CapnoBase,0016,48,48,1.0,47,0.9791666666666666,80,expert_labels,10.0,9.94818652849741,10.06685173527621,0.0,0.0,0.0,0.05,1.0,127.5,-3.0,1.0,0.17222271233284414,"pleth_y,co2_y",300.0,300.0,"samplingrate_pleth,samplingrate_co2",480.00333333333333,co2_startexp_x,samples,1,80,10.00555864369094,10.0056,rr_co2_y,2,7.509999999999975,1,0.9300000000000068,controlled,2.0,,10.0,10.0
CapnoBase,0018,48,48,1.0,47,0.9791666666666666,275,expert_labels,34.90909090909091,29.53846153846154,39.183673469387756,0.0,0.9416058394160584,0.5,0.05,1.0,142.5,0.1796875,1.0,0.7337513032998304,"pleth_y,co2_y",300.0,300.0,"samplingrate_pleth,samplingrate_co2",480.00333333333333,co2_startexp_x,samples,1,275,34.95145631067961,34.84995,rr_co2_y,1,2.5500000000000114,0,0.0,spontaneous,1.0,,10.0,10.0
CapnoBase,0023,48,48,1.0,48,1.0,175,expert_labels,21.756373937677054,20.173491319922842,24.28096740273396,0.0,0.0,0.125,0.05,0.84375,101.25,0.03125,1.0,0.9543603970748303,"pleth_y,co2_y",300.0,300.0,"samplingrate_pleth,samplingrate_co2",480.00333333333333,co2_startexp_x,samples,1,175,21.73913043478261,21.8447,rr_co2_y,0,0.0,0,0.0,spontaneous,3.0,,10.0,10.0
CapnoBase,0028,48,48,1.0,48,1.0,94,expert_labels,11.743119266055047,10.36161652904587,12.86004803483648,0.0,0.0,0.375,0.05,0.59375,71.25,-0.21875,1.0,0.8086118399140377,"pleth_y,co2_y",300.0,300.0,"samplingrate_pleth,samplingrate_co2",480.00333333333333,co2_startexp_x,samples,1,94,11.741682974559687,11.757,rr_co2_y,0,0.0,0,0.0,spontaneous,7.0,,10.0,10.0
CapnoBase,0029,48,48,1.0,40,0.8333333333333334,89,expert_labels,11.244533621443638,7.939916359375168,17.520267107685587,0.011363636363636364,0.0,0.375,0.05,0.5625,67.5,0.1015625,1.0,0.583806799925455,"pleth_y,co2_y",300.0,300.0,"samplingrate_pleth,samplingrate_co2",480.00333333333333,co2_startexp_x,samples,1,89,11.246485473289598,11.19065,rr_co2_y,0,0.0,0,0.0,spontaneous,10.0,,10.0,10.0
CapnoBase,0030,48,45,0.9375,38,0.8444444444444444,239,expert_labels,29.883268482490273,23.925233644859812,41.513513513513516,0.0,0.47478991596638653,0.375,0.05,0.90625,108.75,0.03125,1.0,0.49017908654962106,"pleth_y,co2_y",300.0,300.0,"samplingrate_pleth,samplingrate_co2",480.00333333333333,co2_startexp_x,samples,1,239,29.826014913007455,30.1508,rr_co2_y,2,3.3666666666666742,8,30.31333333333332,spontaneous,1.0,,10.0,10.0
CapnoBase,0031,48,48,1.0,17,0.3541666666666667,54,expert_labels,13.37979094076655,2.9498713786093473,40.05961251862891,0.1320754716981132,0.11320754716981132,2.75,0.05,0.5625,67.5,0.359375,1.0,0.262635496956353,"pleth_y,co2_y",300.0,300.0,"samplingrate_pleth,samplingrate_co2",480.00333333333333,co2_startexp_x,samples,1,54,13.37295690936107,13.0909,rr_co2_y,22,33.08333333333331,0,0.0,spontaneous,7.0,,10.0,10.0
CapnoBase,0032,48,48,1.0,42,0.875,91,expert_labels,12.652526157228351,7.962923351158646,15.581317270662584,0.03333333333333333,0.0,0.875,0.05,0.71875,86.25,-0.1171875,1.0,0.5419279303664547,"pleth_y,co2_y",300.0,300.0,"samplingrate_pleth,samplingrate_co2",480.00333333333333,co2_startexp_x,samples,1,91,12.658227848101266,12.7705,rr_co2_y,2,4.39333333333326,0,0.0,spontaneous,,,10.0,10.0
CapnoBase,0035,48,47,0.9791666666666666,45,0.9574468085106383,193,expert_labels,24.0,21.505610592046576,27.472811059907833,0.0,0.03125,0.5,0.05,0.9375,112.5,-0.109375,1.0,0.4373416319627487,"pleth_y,co2_y",300.0,300.0,"samplingrate_pleth,samplingrate_co2",480.00333333333333,co2_startexp_x,samples,1,193,24.03204272363151,23.8727,rr_co2_y,2,9.916666666666652,0,0.0,spontaneous,1.0,,10.0,10.0
CapnoBase,0038,48,48,1.0,48,1.0,155,expert_labels,18.823529411764707,17.04023598820059,23.929437878463364,0.0,0.0,0.625,0.05,0.9375,112.5,0.0,1.0,0.9000747603142494,"pleth_y,co2_y",300.0,300.0,"samplingrate_pleth,samplingrate_co2",480.00333333333333,co2_startexp_x,samples,1,155,18.828451882845187,18.91755,rr_co2_y,0,0.0,0,0.0,spontaneous,2.0,,10.0,10.0
CapnoBase,0103,48,48,1.0,48,1.0,144,expert_labels,18.028169014084508,17.61467889908257,18.24228028503563,0.0,0.0,0.25,0.05,0.875,105.0,1.7578125,1.0,0.8480425589250716,"pleth_y,co2_y",300.0,300.0,"samplingrate_pleth,samplingrate_co2",480.00333333333333,co2_startexp_x,samples,1,144,18.05416248746239,18.0361,rr_co2_y,0,0.0,0,0.0,controlled,12.0,,10.0,10.0
CapnoBase,0104,48,48,1.0,48,1.0,87,expert_labels,11.002865329512893,10.94017094017094,11.050359712230216,0.0,0.0,0.0,0.05,0.9375,112.5,-2.6171875,1.0,0.33243681226496796,"pleth_y,co2_y",300.0,300.0,"samplingrate_pleth,samplingrate_co2",480.00333333333333,co2_startexp_x,samples,1,88,11.00244498777506,11.0024,rr_co2_y,0,0.0,0,0.0,controlled,6.0,,10.0,10.0
CapnoBase,0105,48,48,1.0,48,1.0,79,expert_labels,10.0,9.961089494163424,10.03921568627451,0.0,0.0,0.0,0.05,0.5625,67.5,2.140625,1.0,0.3156055530526442,"pleth_y,co2_y",300.0,300.0,"samplingrate_pleth,samplingrate_co2",480.00333333333333,co2_startexp_x,samples,1,80,10.0,10.0111,rr_co2_y,2,4.8500000000000085,0,0.0,controlled,14.0,,10.0,10.0
CapnoBase,0115,48,47,0.9791666666666666,43,0.9148936170212766,322,expert_labels,40.851063829787236,36.22641509433962,44.651162790697676,0.0,0.9906542056074766,0.625,0.05,0.84375,101.25,1.2421875,1.0,0.23534071265443857,"pleth_y,co2_y",300.0,300.0,"samplingrate_pleth,samplingrate_co2",480.00333333333333,co2_startexp_x,samples,0,323,40.723981900452486,41.0023,rr_co2_y,8,21.42666666666671,5,10.433333333333334,spontaneous,5.0,,10.0,10.0
CapnoBase,0121,48,48,1.0,48,1.0,72,expert_labels,9.003516998827667,8.97196261682243,9.045936395759718,0.0,0.0,0.125,0.05,0.59375,71.25,-3.3359375,1.0,0.4506124101710065,"pleth_y,co2_y",300.0,300.0,"samplingrate_pleth,samplingrate_co2",480.00333333333333,co2_startexp_x,samples,1,72,9.0,9.0045,rr_co2_y,0,0.0,0,0.0,controlled,16.0,,10.0,10.0
CapnoBase,0122,48,48,1.0,48,1.0,71,expert_labels,9.003516998827667,8.992974238875878,9.024676850763807,0.0,0.0,0.0,0.05,0.59375,71.25,-3.140625,1.0,0.6314502640829747,"pleth_y,co2_y",300.0,300.0,"samplingrate_pleth,samplingrate_co2",480.00333333333333,co2_startexp_x,samples,1,72,9.004502251125563,9.00901,rr_co2_y,0,0.0,0,0.0,controlled,15.0,,10.0,10.0
CapnoBase,0123,48,48,1.0,44,0.9166666666666666,88,expert_labels,11.018651362984219,10.94017094017094,11.098265895953757,0.0,0.0,0.0,0.05,0.75,90.0,1.6796875,1.0,0.7759178508905272,"pleth_y,co2_y",300.0,300.0,"samplingrate_pleth,samplingrate_co2",480.00333333333333,co2_startexp_x,samples,1,88,11.009174311926605,11.0294,rr_co2_y,2,5.639999999999986,5,12.023333333333284,controlled,7.0,,10.0,10.0
CapnoBase,0125,48,48,1.0,48,1.0,115,expert_labels,14.463276836158192,13.310225303292894,15.688609504651746,0.0,0.0,0.375,0.05,0.65625,78.75,0.2265625,1.0,0.4701266161988596,"pleth_y,co2_y",300.0,300.0,"samplingrate_pleth,samplingrate_co2",480.00333333333333,co2_startexp_x,samples,1,115,14.475271411338962,14.4811,rr_co2_y,0,0.0,0,0.0,spontaneous,9.0,,10.0,10.0
CapnoBase,0127,48,48,1.0,48,1.0,143,expert_labels,18.028169014084508,16.309209186098624,19.79381443298969,0.0,0.0,0.25,0.05,0.65625,78.75,0.0546875,1.0,0.754633097957012,"pleth_y,co2_y",300.0,300.0,"samplingrate_pleth,samplingrate_co2",480.00333333333333,co2_startexp_x,samples,1,143,18.03607214428858,17.97305,rr_co2_y,1,2.1766666666666623,0,0.0,spontaneous,16.0,,10.0,10.0
CapnoBase,0128,48,48,1.0,48,1.0,98,expert_labels,12.20985691573927,10.82606392791892,13.989071038251366,0.0,0.0,0.5,0.05,0.5625,67.5,0.015625,1.0,0.8084174888792899,"pleth_y,co2_y",300.0,300.0,"samplingrate_pleth,samplingrate_co2",480.00333333333333,co2_startexp_x,samples,1,98,12.211668928086839,12.1049,rr_co2_y,0,0.0,0,0.0,spontaneous,16.0,,10.0,10.0
CapnoBase,0133,48,48,1.0,47,0.9791666666666666,79,expert_labels,9.903292317924842,8.701241455134046,11.183935230931054,0.0,0.0,0.625,0.05,0.59375,71.25,0.25,1.0,0.4220233075633848,"pleth_y,co2_y",300.0,300.0,"samplingrate_pleth,samplingrate_co2",480.00333333333333,co2_startexp_x,samples,0,80,9.911894273127754,10.0,rr_co2_y,0,0.0,0,0.0,spontaneous,15.0,,10.0,10.0
CapnoBase,0134,48,48,1.0,48,1.0,112,expert_labels,14.014598540145986,13.963636363636363,14.040219378427787,0.0,0.0,0.125,0.05,0.59375,71.25,1.859375,1.0,0.6571459769955319,"pleth_y,co2_y",300.0,300.0,"samplingrate_pleth,samplingrate_co2",480.00333333333333,co2_startexp_x,samples,1,112,14.007782101167315,14.0187,rr_co2_y,0,0.0,0,0.0,spontaneous,12.0,,10.0,10.0
CapnoBase,0142,48,48,1.0,48,1.0,120,expert_labels,15.0,14.970760233918128,15.058823529411764,0.0,0.0,0.125,0.05,0.78125,93.75,-1.90625,1.0,0.23932471092908805,"pleth_y,co2_y",300.0,300.0,"samplingrate_pleth,samplingrate_co2",480.00333333333333,co2_startexp_x,samples,1,120,15.012510425354462,15.0,rr_co2_y,1,0.8033333333333417,0,0.0,spontaneous,5.0,,10.0,10.0
CapnoBase,0147,48,47,0.9791666666666666,35,0.7446808510638298,88,expert_labels,11.002865329512893,10.960472793967801,11.03448275862069,0.0,0.0,0.125,0.05,0.5625,67.5,2.4296875,1.0,0.2710457763323101,"pleth_y,co2_y",300.0,300.0,"samplingrate_pleth,samplingrate_co2",480.00333333333333,co2_startexp_x,samples,1,88,11.00244498777506,11.0092,rr_co2_y,1,12.47999999999999,13,11.663333333333242,controlled,16.0,,10.0,10.0
CapnoBase,0148,48,48,1.0,48,1.0,80,expert_labels,10.01303780964798,9.961089494163424,10.03921568627451,0.0,0.0,0.125,0.05,0.65625,78.75,-2.78125,1.0,0.3747240236842692,"pleth_y,co2_y",300.0,300.0,"samplingrate_pleth,samplingrate_co2",480.00333333333333,co2_startexp_x,samples,1,80,10.00555864369094,10.0,rr_co2_y,0,0.0,0,0.0,controlled,14.0,,10.0,10.0
CapnoBase,0149,48,48,1.0,46,0.9583333333333334,80,expert_labels,10.0,9.974025974025974,10.03921568627451,0.0,0.0,0.25,0.05,0.5,56.25,0.15625,1.0,0.4507343409964851,"pleth_y,co2_y",300.0,300.0,"samplingrate_pleth,samplingrate_co2",480.00333333333333,co2_startexp_x,samples,1,80,10.00555864369094,10.0,rr_co2_y,1,1.1000000000000227,0,0.0,controlled,15.0,,10.0,10.0
CapnoBase,0150,48,47,0.9791666666666666,47,1.0,88,expert_labels,11.002865329512893,10.955777460770328,11.03448275862069,0.0,0.0,0.0,0.05,0.53125,63.75,2.390625,1.0,0.6501487578050528,"pleth_y,co2_y",300.0,300.0,"samplingrate_pleth,samplingrate_co2",480.00333333333333,co2_startexp_x,samples,1,88,11.009174311926605,11.0159,rr_co2_y,3,8.786666666666747,0,0.0,controlled,11.0,,10.0,10.0
CapnoBase,0309,48,46,0.9583333333333334,36,0.782608695652174,72,expert_labels,8.982456140350877,8.95627126665633,9.003516998827667,0.0,0.0,0.125,0.05,0.53125,63.75,-1.7890625,1.0,0.37453502545009976,"pleth_y,co2_y",300.0,300.0,"samplingrate_pleth,samplingrate_co2",480.00333333333333,co2_startexp_x,samples,0,72,8.982035928143713,8.98204,rr_co2_y,2,3.6666666666666856,11,34.31999999999999,controlled,63.0,,10.0,10.0
CapnoBase,0311,48,48,1.0,48,1.0,96,expert_labels,11.981279251170047,11.925465838509316,12.018779342723004,0.0,0.0,0.125,0.05,0.5625,67.5,-2.0625,1.0,0.6726202872589039,"pleth_y,co2_y",300.0,300.0,"samplingrate_pleth,samplingrate_co2",480.00333333333333,co2_startexp_x,samples,1,96,11.976047904191617,11.976,rr_co2_y,0,0.0,0,0.0,controlled,43.0,,10.0,10.0
CapnoBase,0312,48,46,0.9583333333333334,46,1.0,55,expert_labels,6.991353291864934,6.9818181818181815,7.000911577028259,0.0,0.0,0.0,0.05,0.5,52.5,-3.5859375,1.0,0.4622549819109827,"pleth_y,co2_y",300.0,300.0,"samplingrate_pleth,samplingrate_co2",480.00333333333333,co2_startexp_x,samples,1,56,6.990291262135922,6.99301,rr_co2_y,8,24.909999999999982,0,0.0,controlled,37.0,,10.0,10.0
CapnoBase,0313,48,48,1.0,48,1.0,79,expert_labels,9.98699609882965,9.961089494163424,10.001955671447197,0.0,0.0,0.0,0.05,0.625,75.0,-2.296875,1.0,0.6582284790143582,"pleth_y,co2_y",300.0,300.0,"samplingrate_pleth,samplingrate_co2",480.00333333333333,co2_startexp_x,samples,1,80,9.988901220865705,9.9889,rr_co2_y,0,0.0,0,0.0,controlled,59.0,,10.0,10.0
CapnoBase,0322,48,48,1.0,47,0.9791666666666666,143,expert_labels,18.028169014084508,16.880979813138403,19.10210732935817,0.0,0.0,0.25,0.05,0.625,75.0,-2.453125,1.0,0.7088801655570756,"pleth_y,co2_y",300.0,300.0,"samplingrate_pleth,samplingrate_co2",480.00333333333333,co2_startexp_x,samples,1,144,18.01801801801802,18.009,rr_co2_y,0,0.0,1,0.4333333333333371,spontaneous,52.0,,10.0,10.0
CapnoBase,0325,48,48,1.0,48,1.0,79,expert_labels,9.993498049414825,9.91864460960601,10.052356020942408,0.0,0.0,0.0,0.05,0.625,75.0,-1.6875,1.0,0.2528495703622721,"pleth_y,co2_y",300.0,300.0,"samplingrate_pleth,samplingrate_co2",480.00333333333333,co2_startexp_x,samples,1,80,9.994447529150472,9.99445,rr_co2_y,0,0.0,0,0.0,controlled,51.0,,10.0,10.0
CapnoBase,0328,48,47,0.9791666666666666,42,0.8936170212765957,81,expert_labels,10.0,9.934675130619652,10.126130911484342,0.0,0.025,0.5,0.05,0.65625,78.75,-2.2734375,1.0,0.7451290799703246,"pleth_y,co2_y",300.0,300.0,"samplingrate_pleth,samplingrate_co2",480.00333333333333,co2_startexp_x,samples,1,82,10.0,10.0,rr_co2_y,2,5.133333333333326,2,6.566666666666677,controlled,39.0,,10.0,10.0
CapnoBase,0329,48,26,0.5416666666666666,21,0.8076923076923077,79,expert_labels,10.0,9.922480620155039,10.0,0.0,0.0,0.0,0.05,0.65625,78.75,-1.9375,1.0,0.5733054391985193,"pleth_y,co2_y",300.0,300.0,"samplingrate_pleth,samplingrate_co2",480.00333333333333,co2_startexp_x,samples,1,80,10.0,10.0,rr_co2_y,0,0.0,4,222.78666666666663,controlled,53.0,,10.0,10.0
CapnoBase,0330,48,48,1.0,46,0.9583333333333334,119,expert_labels,15.253242450061535,13.399638798183046,16.110797749089706,0.0,0.0,0.25,0.05,0.625,75.0,0.875,1.0,0.6591487164698795,"pleth_y,co2_y",300.0,300.0,"samplingrate_pleth,samplingrate_co2",480.00333333333333,co2_startexp_x,samples,1,119,15.254237288135593,15.3191,rr_co2_y,0,0.0,0,0.0,spontaneous,59.0,,10.0,10.0
CapnoBase,0331,48,48,1.0,48,1.0,114,expert_labels,14.409005628517823,12.907563025210084,16.073823266258486,0.0,0.0,0.0,0.05,0.5,60.0,0.7265625,1.0,0.8522230636791688,"pleth_y,co2_y",300.0,300.0,"samplingrate_pleth,samplingrate_co2",480.00333333333333,co2_startexp_x,samples,1,114,14.4,14.4986,rr_co2_y,0,0.0,0,0.0,spontaneous,32.0,,10.0,10.0
CapnoBase,0332,48,48,1.0,43,0.8958333333333334,166,expert_labels,27.04225352112676,9.907335907335908,30.33182907472534,0.0,0.08484848484848485,2.5,0.05,0.59375,71.25,0.359375,1.0,0.24139179607820402,"pleth_y,co2_y",300.0,300.0,"samplingrate_pleth,samplingrate_co2",480.00333333333333,co2_startexp_x,samples,1,166,27.027027027027028,27.1493,rr_co2_y,0,0.0,0,0.0,spontaneous,39.0,,10.0,10.0
CapnoBase,0333,48,48,1.0,48,1.0,80,expert_labels,10.0,9.858793324775354,10.052356020942408,0.0,0.0,0.125,0.05,0.53125,63.75,-2.4140625,1.0,0.6059928631343676,"pleth_y,co2_y",300.0,300.0,"samplingrate_pleth,samplingrate_co2",480.00333333333333,co2_startexp_x,samples,1,80,10.0,10.0,rr_co2_y,2,3.6666666666666856,0,0.0,controlled,40.0,,10.0,10.0
CapnoBase,0370,48,46,0.9583333333333334,34,0.7391304347826086,69,expert_labels,10.178966672990576,3.2071567019531835,19.422076942418908,0.07352941176470588,0.0,0.875,0.05,0.59375,71.25,1.4921875,1.0,0.10996745477930293,"pleth_y,co2_y",300.0,300.0,"samplingrate_pleth,samplingrate_co2",480.00333333333333,co2_startexp_x,samples,1,69,10.175240248728095,10.3627,rr_co2_y,6,27.180000000000014,0,0.0,spontaneous,47.0,,10.0,10.0
