Dataset,Subject,Candidate_Windows,Kept_Windows,Kept_Ratio,Train_OK_Windows,Train_OK_Ratio_Of_Kept,Reference_Breaths,GT_Source,GT_RR_Median_BPM,GT_RR_P05_BPM,GT_RR_P95_BPM,GT_RR_Below_6_Fraction,GT_RR_Above_30_Fraction,Detection_vs_Label_Count_MAE_per_min,Resp_Band_Low_Hz,Resp_Band_High_Hz,PPG_HR_BPM_Spectral,Target_Lag_Sec,Target_Sign,Target_Alignment_Corr,Window_Sec,Stride_Sec
BIDMC,01,48,48,1.0,48,1.0,169,detected_breaths,21.069998494656026,19.641943734015346,24.300449236298295,0.0,0.0,,0.1,0.5,90.0,0.0,-1.0,0.48862649409653325,10.0,10.0
BIDMC,02,48,48,1.0,45,0.9375,122,detected_breaths,15.238095238095237,13.665480427046264,17.336343115124155,0.0,0.008264462809917356,,0.1,0.5,90.0,0.0,-1.0,0.620139317723578,10.0,10.0
BIDMC,03,48,48,1.0,48,1.0,140,detected_breaths,17.77777777777778,15.828548445140669,19.301342986975175,0.0,0.0,,0.1,0.5,75.0,0.0,-1.0,0.35167617205571533,10.0,10.0
BIDMC,04,48,48,1.0,48,1.0,132,detected_breaths,16.623376623376622,13.98925669465854,20.785795904016876,0.0,0.0,,0.1,0.5,93.75,0.0,-1.0,0.5209510507769096,10.0,10.0
BIDMC,05,48,47,0.9791666666666666,47,1.0,76,detected_breaths,10.491803278688524,6.591342019902139,13.300479037772579,0.0,0.0,,0.1,0.5,97.5,0.0,-1.0,0.725868007687577,10.0,10.0
BIDMC,06,48,48,1.0,48,1.0,158,detected_breaths,20.0,18.268381855111713,21.286057248384118,0.0,0.0,,0.1,0.5,82.5,0.0,1.0,0.5501307182711378,10.0,10.0
BIDMC,07,48,48,1.0,48,1.0,159,detected_breaths,20.0,18.823529411764707,21.067251948838265,0.0,0.0,,0.1,0.5,90.0,0.0,1.0,0.44422251391396633,10.0,10.0
BIDMC,08,48,48,1.0,48,1.0,168,detected_breaths,21.15702479338843,18.48431934064399,24.38095238095238,0.0,0.0,,0.1,0.5,101.25,0.0,1.0,0.15558006203402416,10.0,10.0
BIDMC,09,48,48,1.0,48,1.0,159,detected_breaths,20.0,19.692307692307693,20.32554418761315,0.0,0.0,,0.1,0.5,75.0,0.0,-1.0,0.3408593171141384,10.0,10.0
BIDMC,10,48,48,1.0,43,0.8958333333333334,148,detected_breaths,18.73170731707317,15.715176506084683,23.836894320632634,0.0,0.006802721088435374,,0.1,0.5,82.5,0.0,-1.0,0.4949694392514564,10.0,10.0
BIDMC,11,48,48,1.0,48,1.0,116,detected_breaths,14.463276836158192,11.451153822340547,20.916213129073437,0.0,0.008695652173913044,,0.1,0.5,93.75,0.0,-1.0,0.10702372706486049,10.0,10.0
BIDMC,12,48,48,1.0,48,1.0,151,detected_breaths,19.00990099009901,16.574379644791534,21.306740535549398,0.0,0.0,,0.1,0.5,93.75,0.0,-1.0,0.6140869978523115,10.0,10.0
BIDMC,13,48,48,1.0,47,0.9791666666666666,158,detected_breaths,20.052219321148826,17.687716510408393,23.343465045592705,0.0,0.0,,0.1,0.5,67.5,0.0,1.0,0.2212106767343296,10.0,10.0
BIDMC,14,48,48,1.0,48,1.0,103,detected_breaths,12.746966975570516,10.550176096255877,16.935333915008652,0.0,0.0,,0.1,0.5,93.75,0.0,1.0,0.36803526784615664,10.0,10.0
BIDMC,15,48,48,1.0,37,0.7708333333333334,111,detected_breaths,14.49056603773585,8.073458757030838,20.867939778246395,0.0,0.00909090909090909,,0.1,0.5,108.75,0.0,1.0,0.5011430686743871,10.0,10.0
BIDMC,16,48,48,1.0,48,1.0,153,detected_breaths,18.86977886977887,17.142857142857142,24.130307076101463,0.0,0.0,,0.1,0.5,108.75,0.0,1.0,0.6961732212094389,10.0,10.0
BIDMC,17,48,48,1.0,45,0.9375,135,detected_breaths,17.200469497697654,13.76229802513465,22.241699153111977,0.0,0.0,,0.1,0.5,78.75,0.0,1.0,0.039620684865840444,10.0,10.0
BIDMC,18,48,48,1.0,48,1.0,143,detected_breaths,17.985948477751755,17.77984016499098,18.24011887741892,0.0,0.0,,0.1,0.5,90.0,0.0,1.0,0.6413179666293519,10.0,10.0
BIDMC,19,48,48,1.0,38,0.7916666666666666,121,detected_breaths,15.900621118012422,9.291726563018333,20.87264425652852,0.0,0.008333333333333333,,0.1,0.5,75.0,0.0,-1.0,0.179063555547525,10.0,10.0
BIDMC,20,48,48,1.0,48,1.0,120,detected_breaths,15.029354207436398,13.32185886402754,16.998702064896754,0.0,0.0,,0.1,0.5,86.25,0.0,1.0,0.6881536112685123,10.0,10.0
BIDMC,21,48,48,1.0,44,0.9166666666666666,142,detected_breaths,18.55072463768116,12.99492385786802,23.630769230769232,0.0,0.0070921985815602835,,0.1,0.5,123.75,0.0,1.0,0.17511150142900947,10.0,10.0
BIDMC,22,48,48,1.0,48,1.0,149,detected_breaths,18.11320754716981,17.588478575777298,23.336261127596444,0.0,0.0,,0.1,0.5,82.5,0.0,1.0,0.5019626797458114,10.0,10.0
BIDMC,23,48,48,1.0,48,1.0,140,detected_breaths,17.94392523364486,16.53206599421942,20.115293469275283,0.0,0.0,,0.1,0.5,63.75,0.0,1.0,0.11441538139818744,10.0,10.0
BIDMC,24,48,48,1.0,48,1.0,179,detected_breaths,22.58823529411765,21.0989010989011,23.86207697219481,0.0,0.0,,0.1,0.5,97.5,0.0,-1.0,0.7880544543992863,10.0,10.0
BIDMC,25,48,48,1.0,46,0.9583333333333334,127,detected_breaths,15.983367983367984,13.976656287983483,18.296779739619268,0.0,0.0,,0.1,0.5,123.75,0.0,-1.0,0.6925492311107646,10.0,10.0
BIDMC,26,48,48,1.0,44,0.9166666666666666,131,detected_breaths,17.105016443697078,11.754339306695934,22.233250620347395,0.0,0.0,,0.1,0.5,90.0,0.0,1.0,0.11392623919967405,10.0,10.0
BIDMC,27,48,48,1.0,45,0.9375,88,detected_breaths,10.847457627118644,9.589366508757985,13.239499600745276,0.0,0.0,,0.1,0.5,86.25,0.0,1.0,0.12114168755777217,10.0,10.0
BIDMC,28,48,48,1.0,46,0.9583333333333334,141,detected_breaths,17.92301156787138,15.462618595825427,21.53726132286725,0.0,0.0,,0.1,0.5,78.75,0.0,-1.0,0.792727370986345,10.0,10.0
BIDMC,29,48,48,1.0,48,1.0,148,detected_breaths,18.823529411764707,16.043465727937388,21.968114025420615,0.0,0.0,,0.1,0.5,90.0,0.0,1.0,0.36483306838100993,10.0,10.0
BIDMC,30,48,48,1.0,48,1.0,148,detected_breaths,19.24812030075188,14.742032257106365,22.146711259754735,0.0,0.0,,0.1,0.5,90.0,0.0,1.0,0.013767113189344862,10.0,10.0
BIDMC,31,48,48,1.0,44,0.9166666666666666,143,detected_breaths,18.285714285714285,15.740943128921272,20.312113617376774,0.0,0.0,,0.1,0.5,82.5,0.0,-1.0,0.34900898353817317,10.0,10.0
BIDMC,32,48,48,1.0,48,1.0,197,detected_breaths,24.615384615384617,22.72189349112426,26.689895470383277,0.0,0.0,,0.1,0.5,82.5,0.0,-1.0,0.38700416863185944,10.0,10.0
BIDMC,33,48,48,1.0,48,1.0,107,detected_breaths,13.403141361256544,10.964426877470355,16.08424282576101,0.0,0.009433962264150943,,0.1,0.5,82.5,0.0,-1.0,0.36088390661731173,10.0,10.0
BIDMC,34,48,48,1.0,46,0.9583333333333334,137,detected_breaths,17.08567186340015,14.657124268054652,22.772763401925282,0.0,0.014705882352941176,,0.1,0.5,82.5,0.0,-1.0,0.3134801329029571,10.0,10.0
BIDMC,35,48,47,0.9791666666666666,47,1.0,139,detected_breaths,17.12376710149539,15.176732673267326,21.50372873736685,0.0,0.007246376811594203,,0.1,0.5,101.25,0.0,-1.0,0.38716053882506435,10.0,10.0
BIDMC,36,48,48,1.0,48,1.0,147,detected_breaths,18.41726618705036,15.657934357121349,22.31024429476224,0.0,0.0,,0.1,0.5,71.25,0.0,-1.0,0.3844909959175762,10.0,10.0
BIDMC,37,48,48,1.0,48,1.0,145,detected_breaths,18.89301751370717,13.162452619843924,23.977639751552793,0.0,0.013888888888888888,,0.1,0.5,90.0,0.0,-1.0,0.3047548163609811,10.0,10.0
BIDMC,38,48,48,1.0,46,0.9583333333333334,125,detected_breaths,15.884194856526872,12.602629443272196,22.380907180147805,0.0,0.016129032258064516,,0.1,0.5,82.5,0.0,-1.0,0.14087306529281116,10.0,10.0
BIDMC,39,48,48,1.0,48,1.0,114,detected_breaths,14.436090225563909,12.003779306101821,16.299677445585882,0.0,0.0,,0.1,0.5,75.0,0.0,-1.0,0.7376503382541081,10.0,10.0
BIDMC,40,48,48,1.0,41,0.8541666666666666,124,detected_breaths,15.802469135802468,11.576811806496503,23.028946105869178,0.0,0.016260162601626018,,0.1,0.5,108.75,0.0,-1.0,0.17259617452280687,10.0,10.0
BIDMC,41,48,48,1.0,48,1.0,109,detected_breaths,13.875440658049353,10.878186968838527,17.520267107685587,0.0,0.0,,0.1,0.5,78.75,0.0,-1.0,0.5352569167363181,10.0,10.0
BIDMC,42,48,48,1.0,48,1.0,138,detected_breaths,17.258426966292134,15.623112859601672,19.315973808436116,0.0,0.0,,0.1,0.5,82.5,0.0,-1.0,0.7659679773602918,10.0,10.0
BIDMC,43,48,48,1.0,48,1.0,139,detected_breaths,17.554308642362308,15.01619621250771,20.075965370344925,0.0,0.0,,0.1,0.5,90.0,0.0,-1.0,0.14296376450321052,10.0,10.0
BIDMC,44,48,46,0.9583333333333334,46,1.0,132,detected_breaths,16.516129032258064,14.46348202030806,19.00990099009901,0.0,0.0,,0.1,0.5,90.0,0.0,1.0,0.6112454314624826,10.0,10.0
BIDMC,45,48,48,1.0,48,1.0,128,detected_breaths,16.06694560669456,14.684512428298278,17.61467889908257,0.0,0.0,,0.1,0.5,67.5,0.0,-1.0,0.4922672865189333,10.0,10.0
BIDMC,46,48,48,1.0,34,0.7083333333333334,114,detected_breaths,15.238095238095237,9.053658536585365,23.11461757615603,0.008849557522123894,0.017699115044247787,,0.1,0.5,105.0,0.0,-1.0,0.025739224977657408,10.0,10.0
BIDMC,47,48,48,1.0,48,1.0,175,detected_breaths,22.005730659025787,21.551883674818242,22.325581395348838,0.0,0.0,,0.1,0.5,82.5,0.0,1.0,0.4642678256716023,10.0,10.0
BIDMC,48,48,48,1.0,41,0.8541666666666666,135,detected_breaths,18.13461795798207,10.580957070594028,21.83075795815354,0.0,0.0,,0.1,0.5,101.25,0.0,1.0,0.14630611432075483,10.0,10.0
BIDMC,49,48,48,1.0,48,1.0,136,detected_breaths,17.454545454545453,13.872870338693124,20.317460317460316,0.0,0.007407407407407408,,0.1,0.5,86.25,0.0,-1.0,0.3985234691298999,10.0,10.0
BIDMC,50,48,48,1.0,46,0.9583333333333334,117,detected_breaths,15.0146771037182,12.853798300965462,16.71387886842605,0.0,0.0,,0.1,0.5,75.0,0.0,-1.0,0.4086601603120516,10.0,10.0
BIDMC,51,48,48,1.0,48,1.0,147,detected_breaths,18.307534947153087,16.7503325181276,20.57604908890195,0.0,0.0,,0.1,0.5,90.0,0.0,-1.0,0.23370794896898708,10.0,10.0
BIDMC,52,48,48,1.0,48,1.0,146,detected_breaths,18.24228028503563,16.08044724165817,21.489831924969813,0.0,0.0,,0.1,0.5,116.25,0.0,-1.0,0.2453725261004975,10.0,10.0
BIDMC,53,48,48,1.0,48,1.0,153,detected_breaths,19.08077478611903,17.049637841832965,22.570061683002997,0.0,0.0,,0.1,0.5,90.0,0.0,1.0,0.08066563393582585,10.0,10.0
