Model,Dataset,Subjects,Valid_Minutes,Minutes,Median3_MAE_pooled,Median3_RMSE_pooled,Median3_MAE_subject_mean,Median3_MAE_subject_SD,Median3_MAE_subjects_ge3min,Event_MAE_pooled,WaveCtO_MAE_pooled,WaveFFT_MAE_pooled,SmartFusion_MAE_pooled,SmartFusion_kept,Legacy_MAE_pooled,PCC_subject_mean,Peak_Sensitivity,Peak_PPV,Peak_Wrong_per_min,Table,Metric,Subjects_Paired,Residual_subject_mean,ResidualX_subject_mean,Diff_subject,ResidualX_better_subjects,Wilcoxon_p_subject,Wilcoxon_FDR_p_subject,Minutes_Paired,Diff_minute,Minutes_better_worse_tie,Wilcoxon_p_minute
rawPPG residual,BIDMC,53.0,398.0,420.0,1.082600502512563,1.9690441074090013,1.1585067104672058,1.460822695525326,1.0942472241300365,1.5577889447236182,1.3517587939698492,1.059123743718593,1.0862904944586529,0.9824120603015076,1.3404761904761904,0.4692669315478042,0.8161107722889801,0.7583133829660763,7.707097933513028,averages,,,,,,,,,,,,
rawPPG residual,CapnoBase,42.0,299.0,321.0,1.765363712374582,4.758506577755617,2.0495110544217687,4.6933619618209175,2.117422161172161,2.033444816053512,2.0301003344481607,2.1339882943143813,1.0483602661596958,0.8795986622073578,2.4953271028037385,0.7692814186468697,0.9204862116834828,0.8634015167781096,3.6473356009070295,averages,,,,,,,,,,,,
rawPPG residual,CombinedAllDatasets,95.0,697.0,741.0,1.3754931850789096,3.453622156038817,1.552424420426065,3.314545196303591,1.5327507685766617,1.7618364418938306,1.642754662840746,1.5202205882352942,1.0710372069317022,0.9383070301291248,1.8407557354925776,0.6019049153179175,0.8622557033897076,0.8047734000198175,5.912255639097745,averages,,,,,,,,,,,,
rawPPG residualX,BIDMC,53.0,398.0,420.0,1.119268216080402,1.9947403801503245,1.173963246855346,1.3267459982173633,1.119616386217949,1.520100502512563,1.2587939698492463,1.121623743718593,1.089090616966581,0.9773869346733668,1.338095238095238,0.4783715856539193,0.8246450940150407,0.7691220877268213,7.305480682839173,averages,,,,,,,,,,,,
rawPPG residualX,CapnoBase,42.0,299.0,321.0,2.1032608695652173,4.802636294178842,2.422063669217687,4.390704122318187,2.4288890796703297,2.3745819397993317,2.230769230769231,2.7300376254180603,1.0050215803452855,0.8394648829431438,2.766355140186916,0.7501116145081803,0.923306927565744,0.8487150973787349,3.928883219954648,averages,,,,,,,,,,,,
rawPPG residualX,CombinedAllDatasets,95.0,697.0,741.0,1.541382711621234,3.488074989689584,1.7257550125313283,3.12580797853196,1.6807332548403977,1.8866571018651364,1.6757532281205163,1.811603299856528,1.0561197916666667,0.9182209469153516,1.956815114709852,0.5985092826210662,0.8682640099006149,0.8043105762045093,5.81266917293233,averages,,,,,,,,,,,,
,BIDMC,,,,,,,,,,,,,,,,,,,paired_residualX_minus_residual,RR_MAE_Median3,53.0,1.1585067104672058,1.173963246855346,0.0154565363881401,27.0,0.8817707963972259,0.9964682694267606,398.0,0.0366677135678392,122/107/169,0.9609138474055436
,BIDMC,,,,,,,,,,,,,,,,,,,paired_residualX_minus_residual,RR_MAE_Event,53.0,1.6462264150943395,1.5961365678346813,-0.0500898472596585,22.0,0.8378206920112872,0.9964682694267606,398.0,-0.03768844221105527,123/122/153,0.548704872983351
,CapnoBase,,,,,,,,,,,,,,,,,,,paired_residualX_minus_residual,RR_MAE_Median3,42.0,2.0495110544217687,2.422063669217687,0.3725526147959184,12.0,0.0048954736157742,0.0802244768925721,299.0,0.33789715719063546,65/109/125,0.00017560516827607524
,CapnoBase,,,,,,,,,,,,,,,,,,,paired_residualX_minus_residual,RR_MAE_Event,42.0,2.307709750566893,2.7828514739229027,0.4751417233560091,13.0,0.0372724864455573,0.2509090681260006,299.0,0.3411371237458194,72/107/120,0.005877929580634036
,CombinedAllDatasets,,,,,,,,,,,,,,,,,,,paired_residualX_minus_residual,RR_MAE_Median3,95.0,1.552424420426065,1.7257550125313283,0.1733305921052632,39.0,0.0390302994862667,0.2509090681260006,697.0,0.16588952654232425,187/216/294,0.011667685974949117
,CombinedAllDatasets,,,,,,,,,,,,,,,,,,,paired_residualX_minus_residual,RR_MAE_Event,95.0,1.9386716791979952,2.1207894736842103,0.1821177944862155,35.0,0.1485584161331371,0.4616038167415151,697.0,0.12482065997130559,195/229/273,0.11856017371100681
