Window_Config,Dataset,Subject,Target_RespBand_Ratio,Stem_Channel_AbsR_Mean,Stem_PC1_Variance_Share,Stem_RespBand_Ratio,Stem_ACF_r,B1_Channel_AbsR_Mean,B1_PC1_Variance_Share,B1_RespBand_Ratio,B1_ACF_r,B2_Channel_AbsR_Mean,B2_PC1_Variance_Share,B2_RespBand_Ratio,B2_ACF_r,B3_Channel_AbsR_Mean,B3_PC1_Variance_Share,B3_RespBand_Ratio,B3_ACF_r,B4_Channel_AbsR_Mean,B4_PC1_Variance_Share,B4_RespBand_Ratio,B4_ACF_r
w10s_nonoverlap,CapnoBase,0009,0.9997446537017822,0.4394502545130434,0.3216266752971033,0.8712754603744225,0.9980844946908828,0.3575002014130148,0.23148843194792593,0.8200407614428409,0.9961811229589573,0.4137644293562229,0.2764129882165614,0.8423316747502341,0.9948676024927162,0.4031237836071668,0.27217886908210853,0.892718046783053,0.997031676944526,0.3729452494387721,0.24988935038742585,0.864410868568862,0.9946677041137947
w10s_nonoverlap,CapnoBase,0015,0.9120489358901978,0.32245167381755174,0.2968972305494309,0.1990928847101916,0.298657608311006,0.3041666887803815,0.20954188191743003,0.41685480425146454,0.6571029920798496,0.3981733519710666,0.26444159255240113,0.8323326568327433,0.9991169733337646,0.3957938468724896,0.26403024423465465,0.8614294431223263,0.9995334389673971,0.3813499179373272,0.23800169141733707,0.8831832154774591,0.9996094519049472
w10s_nonoverlap,CapnoBase,0016,0.9999812245368958,0.0949093782321103,0.2748580258620139,0.023409438379635855,0.0020519417856153716,0.0974995250667617,0.20632117018340382,0.03954862823433925,-0.0015415896005826445,0.1658535683591846,0.16743343357080417,0.5630170050135599,-0.07371835232821848,0.20439599832863467,0.1720433916532337,0.8224008811759328,-0.023625337763699832,0.22596910431627348,0.1618120597032171,0.8957615647117777,0.16575474084768815
w10s_nonoverlap,CapnoBase,0018,0.35883674025535583,0.24460847409918687,0.2866215251486882,0.23301615766604036,0.2989826506876076,0.26074302507461244,0.22211793129616078,0.43958868888349917,0.6918624081152234,0.3034116436728987,0.24529279830150827,0.5468002144162637,0.9012581125694613,0.2857602000433698,0.23375211109970775,0.5453378868358744,0.9187235958111466,0.28647956996210083,0.1908672243889192,0.5759181673847901,0.8986947056837558
w10s_nonoverlap,CapnoBase,0023,0.9991320967674255,0.3607535919363152,0.29004322945038147,0.590817406440632,0.933740758161754,0.32629002613308095,0.2197187561641539,0.6885184735412287,0.9821436231150095,0.4048137109545162,0.24880840697871084,0.8854960347369819,0.9986296871959649,0.4361192280198758,0.2782070457652183,0.9059124179324636,0.9978650558825803,0.4121160684477456,0.24038938261846132,0.935175516217796,0.9994338206332726
w10s_nonoverlap,CapnoBase,0028,0.9999771118164062,0.34481539243953024,0.2775202855863166,0.7190563206639973,0.9728940205266037,0.312139584979739,0.21307292590805185,0.793129536162596,0.9906502279965701,0.3882494464838742,0.27401410442954527,0.9040541726095569,0.9940527631367387,0.42862107764411933,0.29380815157990736,0.9640731538808885,0.997493991657711,0.40916074318135004,0.27549968434218824,0.9565617538123746,0.997307337743925
w10s_nonoverlap,CapnoBase,0029,0.9996138215065002,0.25317824960666396,0.3024793486100403,0.6566249511210474,0.5166969548181574,0.21106762892690978,0.210734282764346,0.6805442946948407,0.4800811177743664,0.2517355675015096,0.23749436125160547,0.8316529139177306,0.5074508037743295,0.2730831444415581,0.24794622033413996,0.8743954113065717,0.5943302395427296,0.29273609801207284,0.23678700489225657,0.8976796391671146,0.7231975240068711
w10s_nonoverlap,CapnoBase,0030,0.727046549320221,0.2190923419004398,0.2570222897109562,0.5198584278585648,0.7032832130361094,0.20224065012073708,0.18903437693817368,0.4536648500929194,0.740832986312682,0.2545606273316842,0.21010341908335764,0.7427817267645477,0.7557952991559711,0.2654508474447377,0.22050115279877078,0.8478832575719831,0.5511304154453,0.2609604268682305,0.20077361262041768,0.8582094339875724,0.5649918067714894
w10s_nonoverlap,CapnoBase,0031,0.9872945547103882,0.14239236042529468,0.2901629943411073,0.3583075247575243,-0.010187603026565033,0.12725602405247224,0.1985448650062376,0.23286099944449315,-0.016960256267245375,0.15648835496678948,0.181577822558768,0.5479099323080177,-0.0740758281214728,0.1842598922316677,0.18204696237855122,0.7054858663143128,-0.09023193228177218,0.2212225704040043,0.1662143053036349,0.9116980900422015,-0.18939261228453075
w10s_nonoverlap,CapnoBase,0032,0.9998925924301147,0.29048603018785,0.28068842908929365,0.7362649101648003,0.9003683032868811,0.2395347456285227,0.19486661457724253,0.6796980927156286,0.8854337648814704,0.3024518148561955,0.23269729921289736,0.8618855291039802,0.9722693680478928,0.32053241332886057,0.2330655866567987,0.9166574889157523,0.9766253780633528,0.327734849516125,0.2090480816086798,0.95656508260162,0.9842622156243941
w10s_nonoverlap,CapnoBase,0035,0.9950335025787354,0.23314919733507833,0.3399402259189273,0.7560311068610769,0.7802884780399139,0.2143236596356315,0.2558525544469323,0.775159314830621,0.8200898702562324,0.2631397088492206,0.2947246508846708,0.9365861490628028,0.8274864446586578,0.277682008111307,0.27656324021155565,0.9475084850053047,0.8169189381911011,0.26585272166884094,0.24494862010185717,0.9476031428109994,0.7367957540350861
w10s_nonoverlap,CapnoBase,0038,0.9995571374893188,0.39486871285241293,0.3164293233752105,0.811020221356109,0.975830690169206,0.3313492981010854,0.21725964135365508,0.8415591979890725,0.9867878413189072,0.38757644864134866,0.2621846588760594,0.8940919812407143,0.9908074829285316,0.40250721227384073,0.2740703865796639,0.9299101982019176,0.991797337309814,0.3694792388167216,0.24952438131941437,0.9226305188792988,0.9900171928784237
w10s_nonoverlap,CapnoBase,0103,0.9999797344207764,0.3878920792099995,0.2974232370669218,0.6294664137430656,0.9327826187612652,0.382331173071117,0.25746045250373273,0.7944100804502106,0.9892248677224639,0.4203596166731784,0.2855875523266362,0.8744523493558103,0.9936459438368446,0.4278088617511248,0.29703826416369755,0.8867440628563,0.9930531495263687,0.40226102537881253,0.2667714358636704,0.8222571212973738,0.9639384947375745
w10s_nonoverlap,CapnoBase,0104,0.9999897480010986,0.13153114646197797,0.287401149133619,0.023500404508547994,0.007664041270249025,0.15455097718073066,0.21540298850187556,0.04096731445446556,0.014782126100135276,0.23724101745570006,0.19114482457451012,0.32945613303338644,0.4458660710201312,0.29621626961034947,0.18665716186176962,0.8608467358454047,0.9203759450435354,0.3042159683470939,0.17105161676355404,0.9331640018288687,0.9318460371169445
w10s_nonoverlap,CapnoBase,0105,0.9999850988388062,0.11558395503119334,0.3430496078512722,0.024543663020941967,0.028101799179001588,0.14565522572681086,0.22952088400054924,0.022152890656675406,0.023726353465443804,0.22851020560533933,0.23895138527505022,0.1054271696038841,0.08267311289667753,0.26757657686353925,0.20911228948205143,0.3197029895004482,0.34033364889509826,0.29157911941145626,0.16449386069988572,0.8050191644054815,0.9483957187940627
w10s_nonoverlap,CapnoBase,0115,0.025782974436879158,0.13729854958813703,0.2169593224853741,0.25249305476141404,0.16539692520252183,0.14703821890693958,0.15758731500316028,0.3065600242385506,0.24271453561645295,0.17782884668425805,0.1738684861013826,0.7130269745484799,0.4238489213152306,0.16721970316222956,0.1838033008331179,0.8775568144018866,0.23601485732654123,0.1656873055536284,0.14913761067846498,0.8736610221914644,0.13118722900325433
w10s_nonoverlap,CapnoBase,0121,0.9999815225601196,0.1694635408916664,0.2874081956818413,0.29985175937129727,0.14052661569953243,0.1907958965707014,0.2011438914152123,0.39875635037888824,0.3333482904394436,0.24689534690322593,0.2285525026487225,0.87324157089585,0.8636143026235207,0.2980261129871446,0.27734803411096687,0.9412277512844486,0.884343020086038,0.31175515841291074,0.23533330415889211,0.957730708707397,0.8591312774126308
w10s_nonoverlap,CapnoBase,0122,0.9999779462814331,0.1247040496483622,0.27080605095974986,0.006364803492242522,-0.014297678437934174,0.15148034120329604,0.191635143022298,0.0316469322991842,0.016710674163947874,0.25704988070191515,0.19669361812796146,0.2413556292169331,0.3007525917575872,0.3235513338118971,0.1955716289669036,0.6846125770177157,0.7295545833266166,0.33222302848680946,0.1936552343012403,0.9486878788429394,0.9939475684102814
w10s_nonoverlap,CapnoBase,0123,0.9999930262565613,0.2960437452966724,0.2528614157132239,0.7214121336321718,0.9736529220318806,0.2761815904378824,0.20502712832349548,0.7921550796314577,0.9688984522244676,0.36950207219691045,0.2725856687732094,0.9403428330512026,0.9795986483331328,0.38034405943578103,0.26879539019308846,0.9627909224225619,0.9803180522078376,0.3821340530291071,0.24469883072596532,0.9652419943627394,0.9878994147031902
w10s_nonoverlap,CapnoBase,0125,0.9999156594276428,0.15683124313012856,0.24467357905525913,0.023152319122068835,0.0026652772053276912,0.19845539425952405,0.1719726146697493,0.08997445394480517,0.08454326663395118,0.29102551375861646,0.19229901699507676,0.7225595728861093,0.9737988595256386,0.34948418469103687,0.22910358045114165,0.9069090714972914,0.9965677732220941,0.33032145036945854,0.19497193434,0.9392620748494139,0.9970786869420567
w10s_nonoverlap,CapnoBase,0127,0.9998795390129089,0.1461129778550937,0.2722259943112388,0.01742513528662983,0.048899428223872034,0.17283127491865083,0.1846225429378653,0.013931804028179937,0.014120508426172263,0.25884970690874154,0.17343542550678978,0.618753191728832,0.9378003966940045,0.28802134906703697,0.1902267391672976,0.8663428031230249,0.9764251402986432,0.31596136721425255,0.17644710096762398,0.9046411605785597,0.9879775809668164
w10s_nonoverlap,CapnoBase,0128,0.9999542236328125,0.11567558678079319,0.2860788204909957,0.01878778983628765,0.08939309099182298,0.14005007215597412,0.2612999032029712,0.025389021329920936,0.08830844961688365,0.21556855714930342,0.23131444907239093,0.09300763410907377,0.19747073194342188,0.27243753735703813,0.20312040365376163,0.39698548807270123,0.6260572565544501,0.27786664704407826,0.15466596467339963,0.7045872310990848,0.9557174990179753
w10s_nonoverlap,CapnoBase,0133,0.9999760985374451,0.1848784364424458,0.27645999451904807,0.0611657742727377,0.06050943909731937,0.22760320449380225,0.20973255929824672,0.34046545965725095,0.3744669158673257,0.3063765737756637,0.24432831736264124,0.7058078361555378,0.8269153639970078,0.3592089340196525,0.2770330060822364,0.8788791171891015,0.9587662981647259,0.3292874368421958,0.21965228307698,0.9383555945623175,0.9841933410366703
w10s_nonoverlap,CapnoBase,0134,0.9999656677246094,0.19544716388133276,0.29242816668574045,0.12975184204419202,0.16953180032102833,0.2600109072813117,0.2437209715970431,0.15212639256906027,0.31614755975988573,0.35226177277212156,0.24470784315916663,0.77679734932398,0.9558250657538645,0.3892856243768094,0.2573557017321626,0.8950745613767667,0.9912976479541075,0.4200495595366846,0.2655768820101024,0.9418086625172242,0.9975258585072063
w10s_nonoverlap,CapnoBase,0142,0.9999343156814575,0.07623123406348266,0.2587399897400984,0.00428972281494113,0.006787188476428066,0.10127978073254833,0.21134174072181533,0.006783451540252772,0.009397763965901812,0.17062331069058687,0.18270742625923078,0.069199744551085,0.04611807602608355,0.21823104943908903,0.1524343187035813,0.6399125205412529,0.7329336752010902,0.24275698517873015,0.1288411559579816,0.7878053501105957,0.8553501961815114
w10s_nonoverlap,CapnoBase,0147,0.9999857544898987,0.15654576286425034,0.2936756373325505,0.04499982107413516,0.05784881923107193,0.19378121461054176,0.20501899202523025,0.19353125417039085,0.22947775627041386,0.27878870109756915,0.22827866136652641,0.522184267025953,0.6648071784907895,0.3592706827732874,0.26611700373183184,0.836657830944939,0.9720592227458266,0.3161398017692402,0.19059272202332342,0.8983809192404338,0.985763046927441
w10s_nonoverlap,CapnoBase,0148,0.9999752044677734,0.13831437195087096,0.27342672797013523,0.02965822389474983,-0.004660536777230954,0.17094532560603512,0.18562216107827026,0.49615828484303476,0.39589753287063517,0.23270715805488318,0.2548732677423517,0.7994912294155642,0.701502240213281,0.25747185253807886,0.2472742077801852,0.9148444920790166,0.8400802285596329,0.27933610731616326,0.22025948653763094,0.9473869878154816,0.7763763529129165
w10s_nonoverlap,CapnoBase,0149,0.9999880194664001,0.14421977644496473,0.29799289254447847,0.08543724236048127,0.028538412329923088,0.1392502912875628,0.23000788275971415,0.10516351487672228,0.04156596341624804,0.18269306129679994,0.24012946410723102,0.09679950989838602,0.042080286105536706,0.22064428173464867,0.20315825671428775,0.48403393843215997,0.3618484451633517,0.2523719469436094,0.17718233019515792,0.8845356103816161,0.7861093023166003
w10s_nonoverlap,CapnoBase,0150,0.9999841451644897,0.3234865759130028,0.29642517806697566,0.5948451212707268,0.847596075654077,0.2782702022299421,0.20193866748255807,0.6670107597939308,0.9233281399668476,0.32025968131066757,0.2077546816622379,0.8712638947291129,0.9863077785644389,0.368149337705572,0.22984699050114107,0.9081998189780703,0.9934285087936394,0.3826393044273136,0.22911969986637223,0.9547364536719615,0.9953906155069774
w10s_nonoverlap,CapnoBase,0309,0.9999918341636658,0.09495801309950651,0.3476103026698248,0.03967302074028679,0.02834939550290338,0.1202420340821916,0.2604890902298435,0.026507052810367058,0.022776768015600912,0.16304559195817042,0.21526878992269993,0.03370223368558451,0.026908329827234036,0.2190238942630325,0.20089696167761026,0.45560042414249136,0.3065901276423117,0.24096486452967755,0.16965361690866199,0.5763219246323383,0.4234810056537858
w10s_nonoverlap,CapnoBase,0311,0.9999839067459106,0.1180889582181851,0.28516752610196794,0.0867320333337438,0.08178383338838019,0.15749577524699065,0.21918538635965193,0.05956171414046929,0.15261980928297592,0.24672219594461775,0.2329961602283296,0.2865070716294767,0.49628215126867786,0.3025607812374637,0.21376585328153794,0.7277316470384796,0.8175268278043698,0.29952541180531295,0.17531871908902238,0.9328726256160591,0.9934258718340229
w10s_nonoverlap,CapnoBase,0312,0.9999948740005493,0.19631662713656187,0.3573862683130838,0.2127766785629764,0.16566091745615966,0.18452296147275737,0.24415822317318725,0.2530675727991576,0.20857626849217414,0.21648894897304563,0.22009950256379654,0.3756859158843886,0.3852246062161093,0.25540029845422524,0.21014743824031842,0.6483993322282571,0.6234748830435438,0.2663248704328147,0.19038956911767682,0.6077965247697786,0.5673710590626675
w10s_nonoverlap,CapnoBase,0313,0.9999860525131226,0.25745869576390473,0.2635743199510374,0.23866593193009913,0.2762348047111586,0.2841366355495076,0.2151700365608774,0.47084104959450584,0.5867273248794124,0.35984784648743734,0.25596690568096464,0.7621451396712134,0.9005088106353121,0.42255088649024186,0.2924735695363237,0.9569788561581603,0.9952284873622027,0.3808480870815549,0.2416527285239671,0.9646400989825273,0.9963035243886301
w10s_nonoverlap,CapnoBase,0322,0.9999356865882874,0.22787712692045659,0.2627280264030396,0.14680497606345003,0.24808583379197627,0.2645449517857846,0.19768118976312263,0.17021297474954053,0.3736457868845142,0.33950141780550225,0.20345165492973127,0.6158882262878053,0.8235682000891845,0.3666187238363818,0.21978210989655977,0.8848368172752582,0.9957995503927514,0.38852279576160664,0.24398251763813997,0.9248225408540991,0.997540888750094
w10s_nonoverlap,CapnoBase,0325,0.999986469745636,0.09196022608242238,0.2792682499112159,0.004051542911751684,-0.0008950760624549626,0.11076558934418597,0.22528009183722153,0.013528493923103449,0.008279802906578322,0.1765221748991972,0.20792007260561415,0.07540269029399961,0.07074076622715735,0.23957243597854241,0.1683359824609761,0.6288362559223543,0.72879082405638,0.27700560977712774,0.1636906366072696,0.743713515107884,0.4807647615032929
w10s_nonoverlap,CapnoBase,0328,0.99942547082901,0.27216194703229957,0.25036533612582956,0.45138813812730416,0.713343477874667,0.25739782753937196,0.19097345528501916,0.5245008326375379,0.8504739827926602,0.32011345198856106,0.22033624021261397,0.8764593526052948,0.9713013260785814,0.36339038426288855,0.24525025901147415,0.9476027909917546,0.9918202511975177,0.35786752877057487,0.2181420912052214,0.9610865062255458,0.9954037895821773
w10s_nonoverlap,CapnoBase,0329,0.9999873042106628,0.10214240558402021,0.2739499266742347,0.050752367465881576,0.03016947567958732,0.13057678251349422,0.17724548130412554,0.10139430445278175,0.12094279399248802,0.22348088604982677,0.19701253700444543,0.6218096436381707,0.6066796798654283,0.2621651841114134,0.1883530405357434,0.8996403593099299,0.7545565778649627,0.28479747181763454,0.17069272751976658,0.9467831234596816,0.8222266997039808
w10s_nonoverlap,CapnoBase,0330,0.9999268651008606,0.12182362542107332,0.24172684231032782,0.02958622276239245,-0.01013020091904067,0.1722181157999059,0.20991927695672177,0.01463225307737559,0.010429272414530052,0.27325015628754207,0.20148846656774613,0.18089497312141137,0.19854016858202753,0.311369513982669,0.19838522942794937,0.6667160255067319,0.8290761916705969,0.30629255777091763,0.19515325963096306,0.8712876223291214,0.9902094766420039
w10s_nonoverlap,CapnoBase,0331,0.9999464750289917,0.23221128152316461,0.24743507790444363,0.14893176876759134,0.3216057621317064,0.2409219929732873,0.18244231751250808,0.46807776611344365,0.7842284509037869,0.3129546876746559,0.2140162766704415,0.6949378693420072,0.9190509886383674,0.36136292139886184,0.23477963550975534,0.9000343105226198,0.9953184549218017,0.35909887706903126,0.1993158654264322,0.9237836182075537,0.9978063619460422
w10s_nonoverlap,CapnoBase,0332,0.9668818712234497,0.09864202368813824,0.262289857823826,0.012456592690308493,-0.018625498169812207,0.12177175284129675,0.20211762859770777,0.01443849924924579,0.0024079418615406446,0.16387468461935462,0.18257623939737422,0.11793099261608915,0.08242235274361882,0.19197308975151703,0.17090400721047996,0.2841648000120727,0.1317458257839849,0.22574748955074042,0.14569424765871145,0.5127790272345232,0.19957356093098935
w10s_nonoverlap,CapnoBase,0333,0.9999805688858032,0.22318921742528477,0.23989924845545718,0.25374177792048624,0.42629853304197546,0.22255922907391837,0.19366627122380334,0.4265062980814256,0.6624073181677637,0.2940939137007394,0.20969668739088174,0.6272012045062281,0.8198999602501358,0.3318389642221074,0.22605147280076357,0.8199064772423487,0.9630286443431239,0.3416294402509947,0.1969352186458669,0.842010764935078,0.9772785534629195
w10s_nonoverlap,CapnoBase,0370,0.9994791150093079,0.11531211936104857,0.2539561088207223,0.10033599313681042,-0.11000584995561878,0.15070372337608584,0.19658123617286138,0.1475069395947748,0.060300394174842835,0.20848802326560753,0.21378808514484085,0.7173502685712054,0.4805685923740631,0.24598527079739688,0.212396009710676,0.834400432877965,0.5614528098914096,0.2684269245974733,0.17096373216906502,0.8594329248709239,0.6858494830400521
