Pilot,Run,Structure,Structure_detail,Augmentation,Valid_Minutes,Median3_MAE_pooled,Median3_MAE_subject_mean,Event_MAE_pooled,WaveFFT_MAE_pooled,Median3_MAE_<12,Median3_MAE_12-25,Median3_MAE_25-30,Median3_MAE_>=30,Subjects_better_than_baseline,Subjects_worse_than_baseline,Wilcoxon_p_vs_baseline
"CapnoBase 5-fold CV, script's own train_one (temporal validation), 40 epochs, seed 1",B,261002_RRWaveNet_fv_rawPPG (baseline),128 Hz rawPPG,none,299,2.0196488294314383,2.3556131306689343,2.511705685618729,2.5244565217391304,1.5080295138888888,0.7976310483870968,2.200892857142857,15.117647058823529,,,
"CapnoBase 5-fold CV, script's own train_one (temporal validation), 40 epochs, seed 1",N0,K0,"128 Hz, stem 0.5/1/2 s, 8 filters, decoder 0.9 s (rawPPG kernels)",none,299,2.060723244147157,2.4580064838435374,2.387959866220736,2.0985576923076925,1.8198784722222223,0.7474798387096774,2.6004464285714284,13.235294117647058,21.0,19.0,0.3398882932327303
"CapnoBase 5-fold CV, script's own train_one (temporal validation), 40 epochs, seed 1",N8,K8,"64 Hz, stem 0.5/1/2 s, 16 filters, decoder 3.5 s",none,299,2.0717495819397995,2.4133250956632657,2.120401337792642,2.4439799331103678,1.4577586206896551,0.6216971544715447,2.9207589285714284,17.10110294117647,25.0,15.0,0.32647594931971957
"CapnoBase 5-fold CV, script's own train_one (temporal validation), 40 epochs, seed 1",N,K7,"64 Hz, stem 0.25/1/2 s, 8 filters, decoder 3.5 s",none,299,2.081364966555184,2.460346690759637,2.137123745819398,2.311141304347826,1.2634698275862069,0.6700965447154471,4.061383928571429,17.637867647058822,28.0,13.0,0.09082084224252339
"CapnoBase 5-fold CV, script's own train_one (temporal validation), 40 epochs, seed 1",WS,K7,same,"rate balancing, inverse-sqrt bin weights",299,2.1140781772575252,2.508570277069161,2.3779264214046822,2.01808110367893,2.2517241379310344,0.6651422764227642,2.9252232142857144,10.755514705882353,21.0,20.0,0.4330514304412125
"CapnoBase 5-fold CV, script's own train_one (temporal validation), 40 epochs, seed 1",S,K7,same,log-symmetric speed aug 0.625-1.6,299,2.1435514214046822,2.533940086451247,2.177257525083612,2.3079535953177257,1.4423491379310345,0.6328760162601627,4.126116071428571,17.421875,23.0,18.0,0.6926701350162773
"CapnoBase 5-fold CV, script's own train_one (temporal validation), 40 epochs, seed 1",R,K7,same,v3 speed aug,299,2.171352424749164,2.56801348143424,2.2073578595317724,2.4926316889632107,1.6792025862068964,0.6332571138211383,3.786830357142857,16.167279411764707,22.0,19.0,0.9948303989564481
"CapnoBase 5-fold CV, script's own train_one (temporal validation), 40 epochs, seed 1",N4,K4,"64 Hz, stem 0.5/1/2 s, 8 filters, decoder 3.5 s",none,299,2.264005016722408,2.641940369897959,2.4214046822742477,2.332044314381271,1.7604525862068965,0.6899136178861789,3.900669642857143,16.600183823529413,23.0,18.0,0.6641956379086384
"CapnoBase 5-fold CV, script's own train_one (temporal validation), 40 epochs, seed 1",W2,K7,same,rate balancing capped at 2x,299,2.331626254180602,2.7822336486678005,2.42809364548495,2.4265781772575252,2.168534482758621,0.7409806910569106,2.9698660714285716,14.705882352941176,21.0,21.0,0.09660612836705695
"CapnoBase 5-fold CV, script's own train_one (temporal validation), 40 epochs, seed 1",W3,K7,same,rate balancing,299,2.4536998327759196,2.8230172016723354,2.983277591973244,2.036789297658863,2.857112068965517,0.8283790650406504,2.5747767857142856,10.672794117647058,14.0,28.0,0.022490194919940483
"CapnoBase 5-fold CV, script's own train_one (temporal validation), 40 epochs, seed 1",SB,K7,same,log-symmetric speed aug + rate balancing,299,2.5,2.9128197633219957,2.7926421404682276,2.2649979096989967,3.052155172413793,0.7538109756097561,2.4732142857142856,10.446691176470589,16.0,25.0,0.06866016651700538
"CapnoBase 5-fold CV, script's own train_one (temporal validation), 40 epochs, seed 1",V,K7,"64 Hz, stem 0.25/1/2 s, 8 filters, decoder 3.5 s",v3 speed aug + rate balancing (committed 2a98fb1),299,2.5371028428093645,2.9563283907312927,2.882943143812709,2.1212897157190636,3.188469827586207,0.7971290650406504,2.1875,9.858455882352942,16.0,25.0,0.02625908517089832
