tag,table,structure,FFT_MAE,FFT_RMSE,FFT_subj,FFT_<30,FFT_no0018_0115,FFT_>=30,Median3,Median3_<30,Event,CtO
S32A,"seeds 1-2 mean, 5 folds",A: K7d8s32 + dec k7d12-k5d24 (2.64 s),2.0641,5.8713,2.5106,1.3142,1.5585,14.5051,2.1621,1.4206,2.2826,2.3679
K7d8s32,"seeds 1-2 mean, 5 folds","64 Hz, stem 0.5/1/2 s, dec k7d8-k5d16 (1.77 s)",2.0896,5.9207,2.5849,1.3455,1.5898,14.4334,2.1322,1.4312,2.3445,2.3261
S32D2,"seeds 1-2 mean, 5 folds",D2: decreasing k9d16-k5d8 (2.52 s),2.2033,6.1055,2.6229,1.3677,1.6687,16.063,2.1703,1.3739,2.3177,2.3411
S32D1,"seeds 1-2 mean, 5 folds",D1: decreasing k7d24-k5d12 (3.02 s),2.2235,6.1332,2.7224,1.3394,1.6293,16.8902,2.1884,1.4397,2.3244,2.3779
S32D3,"seeds 1-2 mean, 5 folds",D3: decreasing 3 layers k9d12-k7d8-k5d4 (2.52 s),2.2548,6.0951,2.6714,1.446,1.7004,15.6719,2.1455,1.4461,2.2492,2.3863
S32B,"seeds 1-2 mean, 5 folds",B: 3 layers k7d4-k5d8-k5d16 (1.89 s),2.3277,6.3901,2.7554,1.306,1.5792,19.2753,2.1589,1.3228,2.2542,2.3595
S32C,"seeds 1-2 mean, 5 folds",C: 3 layers k7d8-k5d16-k5d24 (3.27 s),2.4638,6.5264,2.8783,1.4185,1.6901,19.8038,2.2572,1.3551,2.4314,2.4833
S32A,"seed 1, 5 folds (299 min)",A: K7d8s32 + dec k7d12-k5d24 (2.64 s),2.021,5.7837,2.4752,1.2813,1.4696,14.2914,2.1317,1.3885,2.3278,2.3579
K7d8s32,"seed 1, 5 folds (299 min)","64 Hz, stem 0.5/1/2 s, dec k7d8-k5d16 (1.77 s)",2.0445,5.8306,2.5415,1.3357,1.5797,13.8033,2.1486,1.4767,2.4047,2.3378
K7d8,"seed 1, 5 folds (299 min)","64 Hz, stem 0.25/1/2 s, dec k7d8-k5d16 (1.77 s)",2.0496,6.027,2.5531,1.2235,1.4937,15.7528,1.9964,1.2839,2.0669,2.3144
K7,"seed 1, 5 folds (299 min)","64 Hz, stem 0.25/1/2 s, dec k7d16-k5d32 (3.5 s)",2.1058,5.9918,2.4852,1.1601,1.4402,17.7932,2.1598,1.283,2.3077,2.3913
S32D3,"seed 1, 5 folds (299 min)",D3: decreasing 3 layers k9d12-k7d8-k5d4 (2.52 s),2.1531,5.9824,2.5902,1.3912,1.6017,14.7914,2.1346,1.4486,2.2274,2.408
S32D2,"seed 1, 5 folds (299 min)",D2: decreasing k9d16-k5d8 (2.52 s),2.1778,6.0028,2.6823,1.4159,1.7171,14.8153,2.167,1.3971,2.2843,2.3211
S32B,"seed 1, 5 folds (299 min)",B: 3 layers k7d4-k5d8-k5d16 (1.89 s),2.2031,6.272,2.598,1.2035,1.4494,18.7858,2.1101,1.326,2.2308,2.3579
R128,"seed 1, 5 folds (299 min)","128 Hz, stem 0.5/1/2 s, enc d2-16, dec k7d8-k5d16 (0.9 s)",2.2702,6.1903,2.7396,1.4228,1.7221,16.3272,2.3653,1.6042,2.7425,2.5084
S32C,"seed 1, 5 folds (299 min)",C: 3 layers k7d8-k5d16-k5d24 (3.27 s),2.3485,6.4738,2.72,1.2739,1.5188,20.1737,2.2699,1.4076,2.4548,2.5084
S32D1,"seed 1, 5 folds (299 min)",D1: decreasing k7d24-k5d12 (3.02 s),2.3643,6.4048,2.8543,1.3344,1.6359,19.4476,2.2045,1.3953,2.1839,2.4214
S32Adrop,"seed 1, folds 0-3 (242 min)",A with dropout 0.1,1.6272,5.4045,1.8876,0.989,1.0277,12.0201,2.0261,1.2609,2.405,2.2397
S32A10,"seed 1, folds 0-3 (242 min)",A with dec d10/20 (2.2 s),1.6679,5.4832,2.1216,1.0717,1.0691,11.3772,1.9988,1.275,2.2934,2.1983
K7d8s32,"seed 1, folds 0-3 (242 min)","64 Hz, stem 0.5/1/2 s, dec k7d8-k5d16 (1.77 s)",1.7217,5.5305,2.1662,1.1258,1.1229,11.4275,1.9922,1.3163,2.2851,2.2314
K7d8,"seed 1, folds 0-3 (242 min)","64 Hz, stem 0.25/1/2 s, dec k7d8-k5d16 (1.77 s)",1.8184,5.7797,2.254,1.1138,1.111,13.2924,1.881,1.19,1.9669,2.2603
S32A,"seed 1, folds 0-3 (242 min)",A: K7d8s32 + dec k7d12-k5d24 (2.64 s),1.8458,5.7777,2.2787,1.109,1.1471,13.8449,2.0486,1.2408,2.281,2.2521
S32A14,"seed 1, folds 0-3 (242 min)",A with dec d14/28 (3.1 s),1.8712,5.7427,2.2935,1.136,1.174,13.8449,2.0323,1.2412,2.1983,2.2562
S32D2,"seed 1, folds 0-3 (242 min)",D2: decreasing k9d16-k5d8 (2.52 s),1.9063,5.7023,2.3523,1.2771,1.3155,12.154,2.1082,1.3037,2.281,2.2934
K7,"seed 1, folds 0-3 (242 min)","64 Hz, stem 0.25/1/2 s, dec k7d16-k5d32 (3.5 s)",1.9304,5.8548,2.2278,1.0508,1.0892,16.2556,2.0965,1.1859,2.2355,2.3388
R128,"seed 1, folds 0-3 (242 min)","128 Hz, stem 0.5/1/2 s, enc d2-16, dec k7d8-k5d16 (0.9 s)",1.9389,5.8468,2.3649,1.1979,1.2357,14.0067,2.1826,1.3919,2.6405,2.3719
S32B,"seed 1, folds 0-3 (242 min)",B: 3 layers k7d4-k5d8-k5d16 (1.89 s),2.0484,6.2034,2.3642,1.1009,1.0982,17.4777,2.0417,1.2373,2.2231,2.3471
S32D3,"seed 1, folds 0-3 (242 min)",D3: decreasing 3 layers k9d12-k7d8-k5d4 (2.52 s),2.1183,6.0525,2.5297,1.3908,1.4277,13.9665,2.1511,1.4116,2.2314,2.4298
S32Aloss,"seed 1, folds 0-3 (242 min)","A with event loss 0.25, count loss 0.02",2.1534,6.2566,2.5478,1.1744,1.2123,18.0971,2.1309,1.2279,2.3678,2.3099
S32C,"seed 1, folds 0-3 (242 min)",C: 3 layers k7d8-k5d16-k5d24 (3.27 s),2.157,6.3926,2.4529,1.1128,1.11,19.1629,2.1571,1.2467,2.4256,2.4545
S32D1,"seed 1, folds 0-3 (242 min)",D1: decreasing k7d24-k5d12 (3.02 s),2.1804,6.2384,2.5947,1.2216,1.2602,17.7958,2.1303,1.2669,2.124,2.3967
