Variant,Window_Config,Dataset,Subject,N_Members,Pre_Feature_EffectiveRank,Pre_Feature_EffectiveRank_Normalized,Pre_Feature_OffDiag_AbsMean,Pre_Feature_OffDiag_SignedMean,Post_Feature_EffectiveRank,Post_Feature_EffectiveRank_Normalized,Post_Feature_OffDiag_AbsMean,Post_Feature_OffDiag_SignedMean
full,w10s_nonoverlap,CapnoBase,0009,3,8.963987992145942,0.3734994996727476,0.32451870621538353,0.020508783344677723,7.341758305870172,0.30590659607792386,0.2897554673806684,0.026005915611710003
full,w10s_nonoverlap,CapnoBase,0015,3,8.618774761247296,0.3591156150519707,0.30316184503999477,0.018174205005899887,7.248087769463086,0.30200365706096194,0.30247763953454276,-0.001194163664208522
full,w10s_nonoverlap,CapnoBase,0016,3,8.478722069500789,0.35328008622919943,0.3125159039096124,0.0082553953109676,8.073635822708939,0.33640149261287244,0.28142414172459634,0.0005590019897817183
full,w10s_nonoverlap,CapnoBase,0018,3,8.797580983940877,0.3665658743308699,0.30871237827333936,0.0297377760465172,7.319361035997285,0.30497337649988693,0.30550724768769916,-0.0005071879736554225
full,w10s_nonoverlap,CapnoBase,0023,3,10.084010176026522,0.42016709066777175,0.2674091229783473,0.003229498523596975,8.665925389144954,0.36108022454770644,0.2623315224739793,0.0009820826398319906
full,w10s_nonoverlap,CapnoBase,0028,3,8.492830415506617,0.3538679339794424,0.3114379766557021,0.022388041176879425,8.125543341502246,0.3385643058959269,0.28519391377814474,-0.003384128580451635
full,w10s_nonoverlap,CapnoBase,0029,3,8.852195237281578,0.36884146822006575,0.29287632415116205,0.025678203078959582,7.873559066126088,0.328064961088587,0.28783976819891793,0.007875398374364085
full,w10s_nonoverlap,CapnoBase,0030,3,10.634846730446883,0.4431186137686201,0.261705866611009,0.03995485678706583,8.358860458987147,0.3482858524577978,0.281543904582626,-0.005267117197906279
full,w10s_nonoverlap,CapnoBase,0031,3,8.923026767971239,0.3717927819988016,0.29014570694819125,0.012544792595190956,7.733543001810091,0.3222309584087538,0.27128542688412766,0.000642440348021084
full,w10s_nonoverlap,CapnoBase,0032,3,10.037759757069889,0.41823998987791206,0.2660231081320919,0.019291181184539045,8.364327019838607,0.34851362582660866,0.2716521330385541,-0.0069189145513886925
full,w10s_nonoverlap,CapnoBase,0035,3,9.900950309745653,0.41253959623940223,0.2868501233638701,0.05745860662650231,8.028636978489656,0.3345265407704023,0.299149307451654,0.011747368373167338
full,w10s_nonoverlap,CapnoBase,0038,3,9.588035675440885,0.3995014864767035,0.27440722205424667,0.04743920571777971,7.608841278057153,0.31703505325238135,0.2892446072683251,0.006667122755669892
full,w10s_nonoverlap,CapnoBase,0103,3,9.333827399624624,0.38890947498435935,0.2801226895028813,0.03047329122323354,7.4027654752077,0.30844856146698746,0.2945240881712925,0.0031159788960014325
full,w10s_nonoverlap,CapnoBase,0104,3,6.698542800817031,0.279105950034043,0.38384310075250444,0.01508309039118995,7.14470426067399,0.2976960108614162,0.29057933497154526,0.021671865122850673
full,w10s_nonoverlap,CapnoBase,0105,3,6.62131180699589,0.2758879919581621,0.3709005894584158,0.044172665671231355,6.256049343249317,0.26066872263538826,0.325781111153969,0.010416929838183686
full,w10s_nonoverlap,CapnoBase,0115,3,10.497510989568093,0.4373962912320039,0.26491149776688144,0.014770146599720544,8.94792260969561,0.3728301087373171,0.25536911137045337,-0.003050369119174445
full,w10s_nonoverlap,CapnoBase,0121,3,8.083096268840508,0.33679567786835457,0.30869304839755785,0.015951061320519568,7.5612283132824905,0.3150511797201037,0.2800927990212028,0.010880221883387928
full,w10s_nonoverlap,CapnoBase,0122,3,6.897229316221561,0.28738455484256503,0.34360125371345623,0.017773178486603366,7.0769419407689895,0.29487258086537455,0.2884484521617006,-0.003485007000393376
full,w10s_nonoverlap,CapnoBase,0123,3,11.143919058699211,0.46432996077913374,0.24297902476607405,0.03573291332306501,8.186393100832385,0.3410997125346827,0.2792137030423172,-0.019822550986942977
full,w10s_nonoverlap,CapnoBase,0125,3,8.372197923986418,0.34884158016610073,0.30682794952448345,-0.011649376505400356,8.568483174725097,0.3570201322802124,0.2542016975001528,-0.0027861160433447323
full,w10s_nonoverlap,CapnoBase,0127,3,9.135733163623978,0.3806555484843324,0.28045918868195546,0.000626557038424644,8.746463868424977,0.36443599451770736,0.2520134510414849,0.02026577737917656
full,w10s_nonoverlap,CapnoBase,0128,3,8.035414238964178,0.3348089266235074,0.3089421285403611,0.014559904519985694,7.730945732406938,0.32212273885028914,0.2926794110235425,-0.004382091249434543
full,w10s_nonoverlap,CapnoBase,0133,3,8.146594706361869,0.3394414460984112,0.3129625107553758,0.006690791053327251,7.833470807005182,0.32639461695854927,0.27275997432802385,-0.010511562265473715
full,w10s_nonoverlap,CapnoBase,0134,3,6.46318127098516,0.2692992196243817,0.37726842172863145,0.06047600811119145,7.343730339600708,0.30598876415002946,0.3000287068716068,0.0003606582884481532
full,w10s_nonoverlap,CapnoBase,0142,3,8.01333298636176,0.33388887443174003,0.32576952408292037,-0.011763260776013964,7.241155925220717,0.3017148302175299,0.2993950954172133,0.022758837888779766
full,w10s_nonoverlap,CapnoBase,0147,3,8.259837058428745,0.3441598774345311,0.28920036819560263,0.021951040226839302,7.068139858405201,0.29450582743355,0.29123240368803355,-0.015169179277303194
full,w10s_nonoverlap,CapnoBase,0148,3,6.51383816608233,0.27140992358676375,0.38597435665578184,-0.0005858147326227298,7.12022997159837,0.29667624881659876,0.2861801179326597,-0.004392576956260279
full,w10s_nonoverlap,CapnoBase,0149,3,6.53637849492074,0.2723491039550308,0.37630896650205686,0.022773211859375028,6.359760692433253,0.26499002885138556,0.3366516332454595,0.003016957016315053
full,w10s_nonoverlap,CapnoBase,0150,3,8.65421637016374,0.3605923487568225,0.2932623870524525,0.028990824903134066,8.000536048138143,0.33335566867242267,0.29255182149957176,-0.004653863355247834
full,w10s_nonoverlap,CapnoBase,0309,3,6.813896998370186,0.2839123749320911,0.3666697795699085,0.008986255687659829,6.078167650650727,0.2532569854437803,0.3475328311422587,0.007447780445653421
full,w10s_nonoverlap,CapnoBase,0311,3,6.881811339579528,0.286742139149147,0.35455303698028584,0.024123265840025294,6.920983083856498,0.2883742951606874,0.2980893541383814,-0.0072830298886713525
full,w10s_nonoverlap,CapnoBase,0312,3,7.8931233247371075,0.3288801385307128,0.33832610488959736,0.04072851446692247,6.476980580352358,0.26987419084801495,0.34865216608107286,0.04371772331345345
full,w10s_nonoverlap,CapnoBase,0313,3,6.461710267211214,0.26923792780046724,0.3519174022207732,0.000279975021555157,6.855086311362068,0.2856285963067528,0.30093095860842595,-0.005667131405003484
full,w10s_nonoverlap,CapnoBase,0322,3,6.737937992124337,0.280747416338514,0.36694507033799173,0.026229685434765223,6.82503248952172,0.2843763537300717,0.29781119984441573,0.053265108896091574
full,w10s_nonoverlap,CapnoBase,0325,3,6.061774506606731,0.2525739377752804,0.38288944684197085,-0.010084013487541349,6.044799350767572,0.25186663961531547,0.3218320574171993,-0.007675464148745349
full,w10s_nonoverlap,CapnoBase,0328,3,9.043025569799516,0.3767927320749798,0.2783187590383453,0.04297218377590626,8.046906780576595,0.3352877825240248,0.28238260864853926,0.028724928159818985
full,w10s_nonoverlap,CapnoBase,0329,3,8.093574123625716,0.3372322551510715,0.3241535545884564,-0.014466005569027773,8.34704313412389,0.34779346392182875,0.25385744540366934,-0.017055968565799058
full,w10s_nonoverlap,CapnoBase,0330,3,6.499478005484292,0.2708115835618455,0.3543749794770091,0.01245737146189337,6.575768564059923,0.2739903568358301,0.3018600508748149,-0.00792355810447934
full,w10s_nonoverlap,CapnoBase,0331,3,9.076765628365477,0.37819856784856154,0.29121190504713795,0.03363519587609894,8.025163965492593,0.33438183189552473,0.2773883997278503,0.022564540750909176
full,w10s_nonoverlap,CapnoBase,0332,3,6.808161173437409,0.2836733822265587,0.3538015776645416,0.01907424049356755,7.670239976065628,0.31959333233606785,0.2688025384716846,0.006752323679676667
full,w10s_nonoverlap,CapnoBase,0333,3,10.129587270230102,0.42206613625958767,0.2559978894497975,0.032173713299819814,8.455826582256682,0.3523261075940283,0.26672276649877563,-0.013079307897413886
full,w10s_nonoverlap,CapnoBase,0370,3,7.188068527702275,0.29950285532092813,0.36482749948665133,0.03434878348824313,7.0160975805510075,0.29233739918962526,0.29798259753638906,0.001186321404684332
no_event_head,w10s_nonoverlap,CapnoBase,0009,3,8.783046935314719,0.3659602889714466,0.3321819732390705,0.028517811954371742,7.083284327491701,0.2951368469788209,0.295164286991376,0.0060656435806272155
no_event_head,w10s_nonoverlap,CapnoBase,0015,3,8.246648619872724,0.3436103591613635,0.3169267053727423,0.04026794719010549,7.085086665034763,0.2952119443764485,0.311944320747,0.015216026781190826
no_event_head,w10s_nonoverlap,CapnoBase,0016,3,7.9545327421626695,0.3314388642567779,0.3381360865759125,0.004926868728733409,7.927355793756225,0.3303064914065093,0.2953966342606899,-0.0029557922581933856
no_event_head,w10s_nonoverlap,CapnoBase,0018,3,8.982464865211563,0.3742693693838152,0.30277070574310067,0.0031321309358750267,7.387588832637763,0.3078162013599068,0.29934517238170155,0.005392370355094592
no_event_head,w10s_nonoverlap,CapnoBase,0023,3,9.72313966916929,0.4051308195487204,0.27372991414877684,0.002550125253171669,7.846542549217403,0.32693927288405844,0.2891023621100624,-0.007677055533589435
no_event_head,w10s_nonoverlap,CapnoBase,0028,3,8.815113343429246,0.36729638930955194,0.3000700068550328,0.029476631814656346,7.822852663732545,0.3259521943221894,0.28280484314163384,-0.002961167330047952
no_event_head,w10s_nonoverlap,CapnoBase,0029,3,9.013983213648116,0.37558263390200475,0.2922205922077462,0.04332141732081433,7.532829379401828,0.31386789080840954,0.30381774252826393,0.010126766675784769
no_event_head,w10s_nonoverlap,CapnoBase,0030,3,11.085011102584943,0.4618754626077059,0.25459304685731177,0.03423652578536446,8.570100258773435,0.3570875107822264,0.26608216675193425,-0.011190110781161501
no_event_head,w10s_nonoverlap,CapnoBase,0031,3,8.86931381407235,0.3695547422530147,0.29446982382324133,0.009899029030488588,7.807003540430337,0.32529181418459735,0.2962194197442087,-0.002925679943399496
no_event_head,w10s_nonoverlap,CapnoBase,0032,3,10.271397285696112,0.4279748869040047,0.25734706649498995,0.018188668912085936,8.306295672257074,0.3460956530107114,0.27458595810334,-0.01610832759855244
no_event_head,w10s_nonoverlap,CapnoBase,0035,3,9.493134062715896,0.3955472526131623,0.2857392682286248,0.047666769893643955,7.042112608280324,0.2934213586783469,0.32545086010373336,0.013069392098711807
no_event_head,w10s_nonoverlap,CapnoBase,0038,3,9.680292330711664,0.40334551377965266,0.27631985112014573,0.027438944657794798,7.640857589076989,0.3183690662115412,0.2902359073839067,0.0005959173802286295
no_event_head,w10s_nonoverlap,CapnoBase,0103,3,9.59242231775744,0.39968426323989337,0.2756915129627416,0.01596898701683033,7.369459713246858,0.30706082138528573,0.30141130794321175,0.0009869193592254206
no_event_head,w10s_nonoverlap,CapnoBase,0104,3,6.986115064776416,0.2910881276990174,0.37064566405996846,-0.00536941327441462,7.2163110837573115,0.300679628489888,0.2995180991654894,0.04308428556376238
no_event_head,w10s_nonoverlap,CapnoBase,0105,3,6.960790202965423,0.2900329251235593,0.3579752744964974,0.062167410329102245,6.131899776697011,0.25549582402904214,0.3403454681972919,-0.011683255885170912
no_event_head,w10s_nonoverlap,CapnoBase,0115,3,10.395992718986271,0.43316636329109465,0.25423725328351515,0.013751014486156649,9.142972023810758,0.38095716765878157,0.24694760204931113,-0.0023194597656651327
no_event_head,w10s_nonoverlap,CapnoBase,0121,3,8.326218892435477,0.34692578718481154,0.30535634285182667,0.009857144078107219,7.535052588909006,0.3139605245378752,0.28769172910341656,0.010616240037714754
no_event_head,w10s_nonoverlap,CapnoBase,0122,3,7.160490822282989,0.2983537842617912,0.34478928606174897,0.013212558720173559,7.695586160778433,0.320649423365768,0.2860156611254346,0.001694584218859426
no_event_head,w10s_nonoverlap,CapnoBase,0123,3,11.84461785730133,0.49352574405422206,0.2361245723194548,0.029971003690809756,9.230584392798148,0.38460768303325626,0.25839762556928064,-0.015493107879595902
no_event_head,w10s_nonoverlap,CapnoBase,0125,3,8.635808009584409,0.3598253337326837,0.2909795250536247,-0.012322068724232619,8.000303855701583,0.33334599398756604,0.2647805968067579,-0.005834518249864346
no_event_head,w10s_nonoverlap,CapnoBase,0127,3,8.708978875928276,0.36287411983034484,0.2879589427316493,0.004859744065468792,8.163324588969152,0.34013852454038135,0.27955308206236124,-0.002000192224867869
no_event_head,w10s_nonoverlap,CapnoBase,0128,3,7.837695634435179,0.32657065143479913,0.32724419253509923,0.007542918624447976,7.280183118179392,0.30334096325747467,0.27513417646082444,0.007715689046960822
no_event_head,w10s_nonoverlap,CapnoBase,0133,3,8.128453153760818,0.3386855480733674,0.3037148654824013,0.015321457697206066,7.78755637935765,0.32448151580656875,0.2808460405018938,-0.008744294337465994
no_event_head,w10s_nonoverlap,CapnoBase,0134,3,7.474224872466734,0.3114260363527806,0.32734336280843934,0.04384493081438106,7.23718503529344,0.30154937647055996,0.2979170880349338,0.018797840306741833
no_event_head,w10s_nonoverlap,CapnoBase,0142,3,8.062245310490608,0.3359268879371086,0.3195246943842218,-0.011589051853676584,7.6287096987939575,0.3178629041164149,0.27932515382325374,0.009980883855936772
no_event_head,w10s_nonoverlap,CapnoBase,0147,3,8.294194512795427,0.3455914380331428,0.29821464125755365,0.017101725636806186,7.570834244896479,0.31545142687068667,0.2978509194847665,-0.011740697743331701
no_event_head,w10s_nonoverlap,CapnoBase,0148,3,6.701997573679219,0.2792498989033008,0.3682227193836272,-0.010726470710905892,6.754717020947697,0.28144654253948737,0.2923754165384445,-0.018807398864998156
no_event_head,w10s_nonoverlap,CapnoBase,0149,3,7.029742298278573,0.29290592909494056,0.3520659555300323,-0.0013186536349740193,7.053394724293569,0.2938914468455654,0.29978952014402305,0.006254207230323046
no_event_head,w10s_nonoverlap,CapnoBase,0150,3,8.696895395640059,0.3623706414850025,0.2971946948005372,0.026064152417857738,7.635867435547314,0.3181611431478047,0.29444902578176796,-0.010862516287066725
no_event_head,w10s_nonoverlap,CapnoBase,0309,3,6.134440206350899,0.2556016752646208,0.38826486594980697,0.007496372100749402,5.49386650544233,0.22891110439343043,0.3387061017814396,-0.010841361238408162
no_event_head,w10s_nonoverlap,CapnoBase,0311,3,6.316900950876408,0.26320420628651703,0.38015457503985634,0.010200778807519038,6.443471120372073,0.2684779633488364,0.3062871475648932,0.0043970204473472345
no_event_head,w10s_nonoverlap,CapnoBase,0312,3,7.604239859789405,0.3168433274912252,0.3409184859645946,0.018130910445029593,6.100006387032642,0.2541669327930267,0.34706308000152114,0.022501083756703757
no_event_head,w10s_nonoverlap,CapnoBase,0313,3,6.182734973985466,0.2576139572493944,0.3777693244009062,0.03596103948507246,7.006265301198128,0.29192772088325536,0.29373694868157135,-0.008082621857346402
no_event_head,w10s_nonoverlap,CapnoBase,0322,3,6.559258991876779,0.2733024579948658,0.3822969117143627,0.05649154169479762,6.875219889551825,0.2864674953979927,0.2888568706562209,0.037414839285857614
no_event_head,w10s_nonoverlap,CapnoBase,0325,3,6.4948408413753,0.2706183683906375,0.3554212582746894,-0.01443200653410884,6.36657680692151,0.2652740336217296,0.3035915830052005,-0.0134789586496238
no_event_head,w10s_nonoverlap,CapnoBase,0328,3,9.21469696651286,0.38394570693803587,0.2819255505775958,0.021380737708044623,7.988655452993001,0.3328606438747084,0.2773892921627963,0.019221991201980055
no_event_head,w10s_nonoverlap,CapnoBase,0329,3,8.527439813539603,0.3553099922308168,0.305719158038605,0.000735098823406549,8.269614822650908,0.3445672842771212,0.271566193338117,-0.004829422012386412
no_event_head,w10s_nonoverlap,CapnoBase,0330,3,6.632196811978343,0.27634153383243093,0.359913224565174,0.019390188278896877,7.329389876759632,0.3053912448649847,0.2730762111868416,-0.010405314383498404
no_event_head,w10s_nonoverlap,CapnoBase,0331,3,9.208304060555932,0.38367933585649716,0.28720627961463335,0.0606600342173497,8.727230260907175,0.36363459420446564,0.25478907528146966,0.004189373297578232
no_event_head,w10s_nonoverlap,CapnoBase,0332,3,7.2632509439086475,0.3026354559961936,0.34244222539027125,0.01684190323711053,7.73819168737788,0.322424653640745,0.27648437452667984,-0.003815738601899682
no_event_head,w10s_nonoverlap,CapnoBase,0333,3,10.03810408477286,0.4182543368655358,0.25825503132224836,0.03392802789322729,8.621325945260244,0.35922191438584344,0.25656764517750946,-0.005108309686094162
no_event_head,w10s_nonoverlap,CapnoBase,0370,3,7.629380694937236,0.3178908622890515,0.329993085279433,0.024857344928611653,7.976133550020975,0.3323388979175406,0.2804721839797979,0.002770221257987963
