Pilot_Tag,Decoder_64Hz,Layers,Dilation_Order,Decoder_RF_Sec,Dropout,N_Minutes_per_Seed,FFT_MAE,FFT_RMSE,FFT_Subject_MAE_Mean,Davies_mAE,Davies_mMAE,Subject_Wilcoxon_p_vs_A
S32A,k7 d12 -> k5 d24,2,increasing,2.64,0.2,299,2.0641461120401337,5.871277661098961,2.5106478528911564,0.2578125,0.46072823660714285,
K7d8s32,k7 d8 -> k5 d16,2,increasing,1.77,0.2,299,2.089621655518395,5.920733842162142,2.584926392431973,0.28125,0.47147042410714285,0.6657725067590345
S32A10,k7 d10 -> k5 d20,2,increasing,2.2,0.2,299,2.206861413043478,6.041248250351201,2.6553230406746033,0.2890625,0.47147042410714285,0.09861366739489426
S32D1,k7 d24 -> k5 d12,2,decreasing,3.02,0.2,299,2.2235315635451505,6.133218347801856,2.7223759034863946,0.2734375,0.4386858258928571,0.5419308402647784
S32D2,k9 d16 -> k5 d8,2,decreasing,2.52,0.2,299,2.203255643812709,6.105541790571251,2.622931503330499,0.28125,0.46072823660714285,0.12127083536024186
S32B,k7 d4 -> k5 d8 -> k5 d16,3,increasing,1.89,0.2,299,2.3277069397993313,6.390072630698006,2.755446162840136,0.2578125,0.4806082589285714,0.45392289663403307
S32C,k7 d8 -> k5 d16 -> k5 d24,3,increasing,3.27,0.2,299,2.4638116638795986,6.52639621648867,2.8783446712018144,0.265625,0.45340401785714285,0.18605857396652892
S32D3,k9 d12 -> k7 d8 -> k5 d4,3,decreasing,2.52,0.2,299,2.254833821070234,6.095110587162276,2.671430785856009,0.2890625,0.4840262276785714,0.39292987655149614
S32Adrop,k7 d12 -> k5 d24,2,increasing,2.64,0.1,299,1.934390677257525,5.644850088747299,2.262910997732426,0.265625,0.4268973214285714,0.060027994876412215
S32A10drop,k7 d10 -> k5 d20,2,increasing,2.2,0.1,299,1.9702132107023411,5.759694048447393,2.4376846832482992,0.2578125,0.4840262276785714,0.4844586663626792
