Dataset,Window_Config,Row,Model,Subject,N_Minutes,GT_RR_Median,FFT_RR_Median,FFT_MAE,FFT_Bias,Wave_PCC_Mean
CapnoBase,w10s_nonoverlap,full,Full model (ensemble of 3),0009,8,19.0,19.3359375,0.55078125,0.27734375,0.9025275571987104
CapnoBase,w10s_nonoverlap,full,Full model (ensemble of 3),0015,8,29.0,28.828125,0.380859375,0.048828125,0.924829880428248
CapnoBase,w10s_nonoverlap,full,Full model (ensemble of 3),0016,7,10.0,10.3125,7.363839285714286,7.252232142857143,0.45028289921946424
CapnoBase,w10s_nonoverlap,full,Full model (ensemble of 3),0018,8,34.5,35.15625,0.533203125,0.400390625,0.7085121883326825
CapnoBase,w10s_nonoverlap,full,Full model (ensemble of 3),0023,8,21.5,21.5625,0.30078125,-0.13671875,0.954575212839092
CapnoBase,w10s_nonoverlap,full,Full model (ensemble of 3),0028,8,12.0,11.71875,0.33203125,-0.03125,0.9296648368207291
CapnoBase,w10s_nonoverlap,full,Full model (ensemble of 3),0029,8,11.0,11.25,1.26953125,1.00390625,0.7534148415516932
CapnoBase,w10s_nonoverlap,full,Full model (ensemble of 3),0030,5,31.0,30.46875,1.23125,-0.3625,0.7592111781624872
CapnoBase,w10s_nonoverlap,full,Full model (ensemble of 3),0031,6,9.5,10.078125,2.8723958333333335,1.4296875,0.28946447138982334
CapnoBase,w10s_nonoverlap,full,Full model (ensemble of 3),0032,8,11.5,12.5390625,1.759765625,1.251953125,0.6908929760784948
CapnoBase,w10s_nonoverlap,full,Full model (ensemble of 3),0035,7,24.0,23.4375,5.305803571428571,-4.805803571428571,0.6015900095730687
CapnoBase,w10s_nonoverlap,full,Full model (ensemble of 3),0038,8,19.0,18.6328125,0.30078125,-0.0390625,0.9330223113522881
CapnoBase,w10s_nonoverlap,full,Full model (ensemble of 3),0103,8,18.0,18.046875,0.046875,0.046875,0.8560567623600281
CapnoBase,w10s_nonoverlap,full,Full model (ensemble of 3),0104,8,11.0,11.015625,0.140625,0.140625,0.8773904735652638
CapnoBase,w10s_nonoverlap,full,Full model (ensemble of 3),0105,8,10.0,10.078125,0.22265625,0.14453125,0.828759475833606
CapnoBase,w10s_nonoverlap,full,Full model (ensemble of 3),0115,5,41.0,13.125,27.94375,-27.94375,0.09244052320379761
CapnoBase,w10s_nonoverlap,full,Full model (ensemble of 3),0121,8,9.0,9.0234375,1.142578125,-0.943359375,0.5628980243480579
CapnoBase,w10s_nonoverlap,full,Full model (ensemble of 3),0122,8,9.0,8.90625,0.1640625,-0.09375,0.8925970265304753
CapnoBase,w10s_nonoverlap,full,Full model (ensemble of 3),0123,7,11.0,11.015625,0.049107142857142856,0.049107142857142856,0.8759270778032445
CapnoBase,w10s_nonoverlap,full,Full model (ensemble of 3),0125,8,14.0,14.296875,0.44921875,0.0390625,0.9569875820110704
CapnoBase,w10s_nonoverlap,full,Full model (ensemble of 3),0127,8,18.0,17.6953125,0.41796875,-0.00390625,0.7867699522599888
CapnoBase,w10s_nonoverlap,full,Full model (ensemble of 3),0128,8,12.0,12.1875,0.3828125,0.0546875,0.9082837353389285
CapnoBase,w10s_nonoverlap,full,Full model (ensemble of 3),0133,8,10.0,9.9609375,0.521484375,0.115234375,0.8854582224403317
CapnoBase,w10s_nonoverlap,full,Full model (ensemble of 3),0134,8,14.0,14.0625,0.0625,0.0625,0.9515378985558641
CapnoBase,w10s_nonoverlap,full,Full model (ensemble of 3),0142,8,15.0,15.0,0.30078125,0.125,0.6571604941358125
CapnoBase,w10s_nonoverlap,full,Full model (ensemble of 3),0147,2,11.0,11.015625,0.015625,0.015625,0.8971904438468183
CapnoBase,w10s_nonoverlap,full,Full model (ensemble of 3),0148,8,10.0,9.609375,1.23046875,-1.15234375,0.5377906383800457
CapnoBase,w10s_nonoverlap,full,Full model (ensemble of 3),0149,8,10.0,10.078125,0.5078125,-0.390625,0.7413329299188258
CapnoBase,w10s_nonoverlap,full,Full model (ensemble of 3),0150,7,11.0,11.015625,0.015625,0.015625,0.9476004316688963
CapnoBase,w10s_nonoverlap,full,Full model (ensemble of 3),0309,2,9.0,8.90625,0.234375,-0.09375,0.7249763284297666
CapnoBase,w10s_nonoverlap,full,Full model (ensemble of 3),0311,8,12.0,11.953125,0.16015625,0.078125,0.9591154926858338
CapnoBase,w10s_nonoverlap,full,Full model (ensemble of 3),0312,6,7.0,7.03125,1.4661458333333333,1.3307291666666667,0.6087077286720298
CapnoBase,w10s_nonoverlap,full,Full model (ensemble of 3),0313,8,10.0,10.078125,0.18359375,0.14453125,0.959910010100511
CapnoBase,w10s_nonoverlap,full,Full model (ensemble of 3),0322,7,18.0,17.8125,0.4575892857142857,0.06473214285714286,0.9184312986654176
CapnoBase,w10s_nonoverlap,full,Full model (ensemble of 3),0325,8,10.0,10.078125,0.232421875,0.115234375,0.8489520657659547
CapnoBase,w10s_nonoverlap,full,Full model (ensemble of 3),0328,6,10.0,10.078125,0.7578125,0.0390625,0.8806308957323371
CapnoBase,w10s_nonoverlap,full,Full model (ensemble of 3),0329,2,9.5,10.078125,0.578125,0.578125,0.8634583328185423
CapnoBase,w10s_nonoverlap,full,Full model (ensemble of 3),0330,8,15.0,15.3515625,0.478515625,0.154296875,0.9434863757794436
CapnoBase,w10s_nonoverlap,full,Full model (ensemble of 3),0331,8,14.0,14.296875,0.279296875,0.017578125,0.9196299478641211
CapnoBase,w10s_nonoverlap,full,Full model (ensemble of 3),0332,8,23.0,13.2421875,6.166015625,-6.072265625,0.3640849703192865
CapnoBase,w10s_nonoverlap,full,Full model (ensemble of 3),0333,8,10.0,10.078125,0.107421875,-0.009765625,0.8959022753810256
CapnoBase,w10s_nonoverlap,full,Full model (ensemble of 3),0370,6,9.5,12.7734375,3.4270833333333335,3.2447916666666665,0.43001842436444543
CapnoBase,w10s_nonoverlap,no_ensemble,w/o ensemble (single models),0009,8,19.0,19.3359375,0.53125,0.2578125,0.8448630236138046
CapnoBase,w10s_nonoverlap,no_ensemble,w/o ensemble (single models),0015,8,29.0,28.828125,0.39518229166666663,0.029296875,0.8997043341923505
CapnoBase,w10s_nonoverlap,no_ensemble,w/o ensemble (single models),0016,7,10.0,10.15625,5.946428571428571,5.8125,0.38873348644003075
CapnoBase,w10s_nonoverlap,no_ensemble,w/o ensemble (single models),0018,8,34.5,35.15625,0.5227864583333334,0.419921875,0.6465332262959657
CapnoBase,w10s_nonoverlap,no_ensemble,w/o ensemble (single models),0023,8,21.5,21.5625,0.2916666666666667,-0.1171875,0.9334010075059211
CapnoBase,w10s_nonoverlap,no_ensemble,w/o ensemble (single models),0028,8,12.0,11.71875,0.322265625,-0.021484375,0.913871740759033
CapnoBase,w10s_nonoverlap,no_ensemble,w/o ensemble (single models),0029,8,11.0,11.328125,1.3684895833333335,1.19921875,0.7363191698878346
CapnoBase,w10s_nonoverlap,no_ensemble,w/o ensemble (single models),0030,5,31.0,30.46875,1.3802083333333333,-0.721875,0.7213071171198054
CapnoBase,w10s_nonoverlap,no_ensemble,w/o ensemble (single models),0031,6,9.5,11.015625,3.0164930555555554,2.0546875,0.2819239935558211
CapnoBase,w10s_nonoverlap,no_ensemble,w/o ensemble (single models),0032,8,11.5,12.2265625,1.515625,1.0078125,0.6720576028431567
CapnoBase,w10s_nonoverlap,no_ensemble,w/o ensemble (single models),0035,7,24.0,18.984375,6.209821428571429,-5.732142857142857,0.5796423256703102
CapnoBase,w10s_nonoverlap,no_ensemble,w/o ensemble (single models),0038,8,19.0,18.6328125,0.3203125,-0.01953125,0.914480499070139
CapnoBase,w10s_nonoverlap,no_ensemble,w/o ensemble (single models),0103,8,18.0,18.046875,0.046875,0.046875,0.8277611025645845
CapnoBase,w10s_nonoverlap,no_ensemble,w/o ensemble (single models),0104,8,11.0,11.015625,0.150390625,0.150390625,0.8297200280818129
CapnoBase,w10s_nonoverlap,no_ensemble,w/o ensemble (single models),0105,8,10.0,10.078125,0.21940104166666669,0.154296875,0.8145385483986802
CapnoBase,w10s_nonoverlap,no_ensemble,w/o ensemble (single models),0115,5,41.0,12.5,28.7875,-28.7875,0.08502233594778971
CapnoBase,w10s_nonoverlap,no_ensemble,w/o ensemble (single models),0121,8,9.0,8.984375,0.9375,-0.73828125,0.5547004617148898
CapnoBase,w10s_nonoverlap,no_ensemble,w/o ensemble (single models),0122,8,9.0,8.90625,0.15625,-0.07421875,0.871849610688778
CapnoBase,w10s_nonoverlap,no_ensemble,w/o ensemble (single models),0123,7,11.0,11.015625,0.047619047619047616,0.026785714285714284,0.8465152315337153
CapnoBase,w10s_nonoverlap,no_ensemble,w/o ensemble (single models),0125,8,14.0,14.296875,0.4296875,0.05859375,0.9407988035508568
CapnoBase,w10s_nonoverlap,no_ensemble,w/o ensemble (single models),0127,8,18.0,17.6953125,0.408203125,-0.013671875,0.7631118713224433
CapnoBase,w10s_nonoverlap,no_ensemble,w/o ensemble (single models),0128,8,12.0,12.1875,0.37239583333333337,0.0546875,0.8905329808631631
CapnoBase,w10s_nonoverlap,no_ensemble,w/o ensemble (single models),0133,8,10.0,9.921875,0.501953125,0.095703125,0.8748975889541658
CapnoBase,w10s_nonoverlap,no_ensemble,w/o ensemble (single models),0134,8,14.0,14.0625,0.0625,0.0625,0.9375049679186871
CapnoBase,w10s_nonoverlap,no_ensemble,w/o ensemble (single models),0142,8,15.0,15.0,0.935546875,-0.490234375,0.5853226201619308
CapnoBase,w10s_nonoverlap,no_ensemble,w/o ensemble (single models),0147,2,11.0,10.9765625,0.049479166666666664,-0.0234375,0.8830116204845457
CapnoBase,w10s_nonoverlap,no_ensemble,w/o ensemble (single models),0148,8,10.0,9.21875,1.5657552083333333,-1.552734375,0.5253099347675647
CapnoBase,w10s_nonoverlap,no_ensemble,w/o ensemble (single models),0149,8,10.0,10.0390625,0.3776041666666667,-0.25390625,0.6910694430707853
CapnoBase,w10s_nonoverlap,no_ensemble,w/o ensemble (single models),0150,7,11.0,11.015625,0.015625,0.015625,0.9303412389145557
CapnoBase,w10s_nonoverlap,no_ensemble,w/o ensemble (single models),0309,2,9.0,8.90625,0.234375,-0.09375,0.6913950033248843
CapnoBase,w10s_nonoverlap,no_ensemble,w/o ensemble (single models),0311,8,12.0,11.953125,0.16015625,0.078125,0.942366170949035
CapnoBase,w10s_nonoverlap,no_ensemble,w/o ensemble (single models),0312,6,7.0,7.1875,1.8697916666666667,1.734375,0.5798828764752573
CapnoBase,w10s_nonoverlap,no_ensemble,w/o ensemble (single models),0313,8,10.0,10.078125,0.19010416666666666,0.1640625,0.9501548721892507
CapnoBase,w10s_nonoverlap,no_ensemble,w/o ensemble (single models),0322,7,18.0,17.8125,0.4575892857142857,0.06473214285714286,0.9053357403949406
CapnoBase,w10s_nonoverlap,no_ensemble,w/o ensemble (single models),0325,8,10.0,10.0390625,0.22916666666666666,0.125,0.8311311115656596
CapnoBase,w10s_nonoverlap,no_ensemble,w/o ensemble (single models),0328,6,10.0,10.078125,0.7578125,0.0390625,0.8601019506244949
CapnoBase,w10s_nonoverlap,no_ensemble,w/o ensemble (single models),0329,2,9.5,10.0390625,0.5911458333333334,0.5390625,0.8169959906061891
CapnoBase,w10s_nonoverlap,no_ensemble,w/o ensemble (single models),0330,8,15.0,15.3515625,0.48828125,0.1640625,0.9293887168790798
CapnoBase,w10s_nonoverlap,no_ensemble,w/o ensemble (single models),0331,8,14.0,14.375,0.2890625,0.046875,0.9036981756290473
CapnoBase,w10s_nonoverlap,no_ensemble,w/o ensemble (single models),0332,8,23.0,15.234375,5.208984375,-4.841796875,0.3217336921828427
CapnoBase,w10s_nonoverlap,no_ensemble,w/o ensemble (single models),0333,8,10.0,10.0,0.11067708333333334,-0.01953125,0.874910219420254
CapnoBase,w10s_nonoverlap,no_ensemble,w/o ensemble (single models),0370,6,9.5,12.6953125,2.9192708333333335,2.7369791666666665,0.42112004073705966
CapnoBase,w10s_nonoverlap,no_event_head,w/o auxiliary event head (waveform loss only) (ensemble of 3),0009,8,19.0,19.3359375,0.55078125,0.27734375,0.9291148406089049
CapnoBase,w10s_nonoverlap,no_event_head,w/o auxiliary event head (waveform loss only) (ensemble of 3),0015,8,29.0,28.828125,0.39453125,0.01953125,0.9185979872410697
CapnoBase,w10s_nonoverlap,no_event_head,w/o auxiliary event head (waveform loss only) (ensemble of 3),0016,7,10.0,10.078125,4.517857142857143,4.40625,0.5410595078332088
CapnoBase,w10s_nonoverlap,no_event_head,w/o auxiliary event head (waveform loss only) (ensemble of 3),0018,8,34.5,35.15625,0.50390625,0.37109375,0.705240940701493
CapnoBase,w10s_nonoverlap,no_event_head,w/o auxiliary event head (waveform loss only) (ensemble of 3),0023,8,21.5,21.5625,0.30078125,-0.13671875,0.9495788300196477
CapnoBase,w10s_nonoverlap,no_event_head,w/o auxiliary event head (waveform loss only) (ensemble of 3),0028,8,12.0,11.71875,0.33203125,-0.03125,0.9536113816591671
CapnoBase,w10s_nonoverlap,no_event_head,w/o auxiliary event head (waveform loss only) (ensemble of 3),0029,8,11.0,11.1328125,1.2109375,1.00390625,0.7842944337796848
CapnoBase,w10s_nonoverlap,no_event_head,w/o auxiliary event head (waveform loss only) (ensemble of 3),0030,5,31.0,30.46875,1.278125,-0.315625,0.7685651831589378
CapnoBase,w10s_nonoverlap,no_event_head,w/o auxiliary event head (waveform loss only) (ensemble of 3),0031,6,9.5,10.4296875,2.9505208333333335,1.5078125,0.3004789926552321
CapnoBase,w10s_nonoverlap,no_event_head,w/o auxiliary event head (waveform loss only) (ensemble of 3),0032,8,11.5,12.5390625,1.759765625,1.251953125,0.7067565171762958
CapnoBase,w10s_nonoverlap,no_event_head,w/o auxiliary event head (waveform loss only) (ensemble of 3),0035,7,24.0,23.4375,3.0625,-2.5625,0.6499414903055564
CapnoBase,w10s_nonoverlap,no_event_head,w/o auxiliary event head (waveform loss only) (ensemble of 3),0038,8,19.0,18.6328125,0.30078125,-0.0390625,0.9403575020159004
CapnoBase,w10s_nonoverlap,no_event_head,w/o auxiliary event head (waveform loss only) (ensemble of 3),0103,8,18.0,18.046875,0.046875,0.046875,0.8304400818586356
CapnoBase,w10s_nonoverlap,no_event_head,w/o auxiliary event head (waveform loss only) (ensemble of 3),0104,8,11.0,11.015625,0.140625,0.140625,0.9109509589237141
CapnoBase,w10s_nonoverlap,no_event_head,w/o auxiliary event head (waveform loss only) (ensemble of 3),0105,8,10.0,10.078125,0.22265625,0.14453125,0.8440507005541962
CapnoBase,w10s_nonoverlap,no_event_head,w/o auxiliary event head (waveform loss only) (ensemble of 3),0115,5,41.0,15.703125,27.053125,-27.053125,0.14146026280214372
CapnoBase,w10s_nonoverlap,no_event_head,w/o auxiliary event head (waveform loss only) (ensemble of 3),0121,8,9.0,9.140625,0.62109375,-0.328125,0.5497608549013101
CapnoBase,w10s_nonoverlap,no_event_head,w/o auxiliary event head (waveform loss only) (ensemble of 3),0122,8,9.0,8.90625,0.134765625,-0.064453125,0.9248551317772497
CapnoBase,w10s_nonoverlap,no_event_head,w/o auxiliary event head (waveform loss only) (ensemble of 3),0123,7,11.0,11.015625,0.049107142857142856,0.049107142857142856,0.8791202254174328
CapnoBase,w10s_nonoverlap,no_event_head,w/o auxiliary event head (waveform loss only) (ensemble of 3),0125,8,14.0,14.296875,0.478515625,0.068359375,0.9660910834330604
CapnoBase,w10s_nonoverlap,no_event_head,w/o auxiliary event head (waveform loss only) (ensemble of 3),0127,8,18.0,17.578125,1.359375,-1.05859375,0.7439234642419454
CapnoBase,w10s_nonoverlap,no_event_head,w/o auxiliary event head (waveform loss only) (ensemble of 3),0128,8,12.0,12.3046875,0.412109375,0.083984375,0.926272198391519
CapnoBase,w10s_nonoverlap,no_event_head,w/o auxiliary event head (waveform loss only) (ensemble of 3),0133,8,10.0,9.9609375,0.4921875,0.0859375,0.9007903242640913
CapnoBase,w10s_nonoverlap,no_event_head,w/o auxiliary event head (waveform loss only) (ensemble of 3),0134,8,14.0,14.0625,0.0625,0.0625,0.9534291750955177
CapnoBase,w10s_nonoverlap,no_event_head,w/o auxiliary event head (waveform loss only) (ensemble of 3),0142,8,15.0,15.0,0.271484375,0.154296875,0.6791162734547544
CapnoBase,w10s_nonoverlap,no_event_head,w/o auxiliary event head (waveform loss only) (ensemble of 3),0147,2,11.0,11.015625,0.015625,0.015625,0.8995916711029859
CapnoBase,w10s_nonoverlap,no_event_head,w/o auxiliary event head (waveform loss only) (ensemble of 3),0148,8,10.0,9.84375,1.015625,-0.91796875,0.5991952662674214
CapnoBase,w10s_nonoverlap,no_event_head,w/o auxiliary event head (waveform loss only) (ensemble of 3),0149,8,10.0,10.078125,0.09765625,0.01953125,0.7950362691767636
CapnoBase,w10s_nonoverlap,no_event_head,w/o auxiliary event head (waveform loss only) (ensemble of 3),0150,7,11.0,11.015625,0.015625,0.015625,0.9442213932569773
CapnoBase,w10s_nonoverlap,no_event_head,w/o auxiliary event head (waveform loss only) (ensemble of 3),0309,2,9.0,8.90625,0.234375,-0.09375,0.7166988840394545
CapnoBase,w10s_nonoverlap,no_event_head,w/o auxiliary event head (waveform loss only) (ensemble of 3),0311,8,12.0,11.953125,0.16015625,0.078125,0.9631093599152067
CapnoBase,w10s_nonoverlap,no_event_head,w/o auxiliary event head (waveform loss only) (ensemble of 3),0312,6,7.0,7.1484375,2.609375,2.5416666666666665,0.5947769446951895
CapnoBase,w10s_nonoverlap,no_event_head,w/o auxiliary event head (waveform loss only) (ensemble of 3),0313,8,10.0,10.078125,0.18359375,0.14453125,0.9625781309711756
CapnoBase,w10s_nonoverlap,no_event_head,w/o auxiliary event head (waveform loss only) (ensemble of 3),0322,7,18.0,17.8125,0.4575892857142857,0.06473214285714286,0.9015211365003396
CapnoBase,w10s_nonoverlap,no_event_head,w/o auxiliary event head (waveform loss only) (ensemble of 3),0325,8,10.0,10.078125,0.232421875,0.115234375,0.846810284036335
CapnoBase,w10s_nonoverlap,no_event_head,w/o auxiliary event head (waveform loss only) (ensemble of 3),0328,6,10.0,10.078125,0.7578125,0.0390625,0.8984896986639304
CapnoBase,w10s_nonoverlap,no_event_head,w/o auxiliary event head (waveform loss only) (ensemble of 3),0329,2,9.5,9.9609375,0.6171875,0.4609375,0.8499431649640279
CapnoBase,w10s_nonoverlap,no_event_head,w/o auxiliary event head (waveform loss only) (ensemble of 3),0330,8,15.0,15.3515625,0.44921875,0.125,0.9460179617808516
CapnoBase,w10s_nonoverlap,no_event_head,w/o auxiliary event head (waveform loss only) (ensemble of 3),0331,8,14.0,14.4140625,0.30859375,0.046875,0.9170882021493919
CapnoBase,w10s_nonoverlap,no_event_head,w/o auxiliary event head (waveform loss only) (ensemble of 3),0332,8,23.0,13.2421875,6.13671875,-6.04296875,0.3577424088445641
CapnoBase,w10s_nonoverlap,no_event_head,w/o auxiliary event head (waveform loss only) (ensemble of 3),0333,8,10.0,9.9609375,0.1171875,-0.0390625,0.9119910798511357
CapnoBase,w10s_nonoverlap,no_event_head,w/o auxiliary event head (waveform loss only) (ensemble of 3),0370,6,9.5,12.65625,3.4270833333333335,3.2447916666666665,0.4591066515744842
