Dataset,Window_Order,Window_Config,Window_Label,Metric,Better_Direction,N_Paired,Baseline_Mean,Baseline_SD,Proposed_Mean,Proposed_SD,Proposed_minus_Baseline_Mean,Proposed_minus_Baseline_SD,N_Proposed_Better,N_Proposed_Worse,Paired_t_p,Wilcoxon_p,Paired_t_FDR_p,Wilcoxon_FDR_p,Significant_Wilcoxon_p05,Significant_Wilcoxon_FDR05
BIDMC,1,w10s_nonoverlap,10 s / 0% overlap,RR_MAE_BPM,lower,0,,,,,,,0,0,,,,,False,False
BIDMC,1,w10s_nonoverlap,10 s / 0% overlap,PCC_60s_Mean,higher,0,,,,,,,0,0,,,,,False,False
BIDMC,1,w10s_nonoverlap,10 s / 0% overlap,RR_MAE_Event,lower,0,,,,,,,0,0,,,,,False,False
BIDMC,1,w10s_nonoverlap,10 s / 0% overlap,RR_MAE_Wave_CtO,lower,0,,,,,,,0,0,,,,,False,False
BIDMC,1,w10s_nonoverlap,10 s / 0% overlap,RR_MAE_Wave_FFT,lower,0,,,,,,,0,0,,,,,False,False
BIDMC,1,w10s_nonoverlap,10 s / 0% overlap,RR_Bias_Event,higher,0,,,,,,,0,0,,,,,False,False
BIDMC,1,w10s_nonoverlap,10 s / 0% overlap,Peak_Wrong_per_min,lower,0,,,,,,,0,0,,,,,False,False
BIDMC,1,w10s_nonoverlap,10 s / 0% overlap,Peak_Missed_per_min,lower,0,,,,,,,0,0,,,,,False,False
BIDMC,1,w10s_nonoverlap,10 s / 0% overlap,Peak_Extra_per_min,lower,0,,,,,,,0,0,,,,,False,False
BIDMC,1,w10s_nonoverlap,10 s / 0% overlap,Peak_Sensitivity,higher,0,,,,,,,0,0,,,,,False,False
BIDMC,1,w10s_nonoverlap,10 s / 0% overlap,Peak_PPV,higher,0,,,,,,,0,0,,,,,False,False
BIDMC,1,w10s_nonoverlap,10 s / 0% overlap,Peak_Timing_Error_ms,lower,0,,,,,,,0,0,,,,,False,False
BIDMC,1,w10s_nonoverlap,10 s / 0% overlap,RR_MAE_SmartFusion,lower,0,,,,,,,0,0,,,,,False,False
BIDMC,1,w10s_nonoverlap,10 s / 0% overlap,SF_Retained_Ratio,higher,0,,,,,,,0,0,,,,,False,False
BIDMC,1,w10s_nonoverlap,10 s / 0% overlap,RR_MAE_Median3,lower,0,,,,,,,0,0,,,,,False,False
BIDMC,1,w10s_nonoverlap,10 s / 0% overlap,Ref_Valid_Ratio,higher,0,,,,,,,0,0,,,,,False,False
BIDMC,2,w20s_nonoverlap,20 s / 0% overlap,RR_MAE_BPM,lower,0,,,,,,,0,0,,,,,False,False
BIDMC,2,w20s_nonoverlap,20 s / 0% overlap,PCC_60s_Mean,higher,0,,,,,,,0,0,,,,,False,False
BIDMC,2,w20s_nonoverlap,20 s / 0% overlap,RR_MAE_Event,lower,0,,,,,,,0,0,,,,,False,False
BIDMC,2,w20s_nonoverlap,20 s / 0% overlap,RR_MAE_Wave_CtO,lower,0,,,,,,,0,0,,,,,False,False
BIDMC,2,w20s_nonoverlap,20 s / 0% overlap,RR_MAE_Wave_FFT,lower,0,,,,,,,0,0,,,,,False,False
BIDMC,2,w20s_nonoverlap,20 s / 0% overlap,RR_Bias_Event,higher,0,,,,,,,0,0,,,,,False,False
BIDMC,2,w20s_nonoverlap,20 s / 0% overlap,Peak_Wrong_per_min,lower,0,,,,,,,0,0,,,,,False,False
BIDMC,2,w20s_nonoverlap,20 s / 0% overlap,Peak_Missed_per_min,lower,0,,,,,,,0,0,,,,,False,False
BIDMC,2,w20s_nonoverlap,20 s / 0% overlap,Peak_Extra_per_min,lower,0,,,,,,,0,0,,,,,False,False
BIDMC,2,w20s_nonoverlap,20 s / 0% overlap,Peak_Sensitivity,higher,0,,,,,,,0,0,,,,,False,False
BIDMC,2,w20s_nonoverlap,20 s / 0% overlap,Peak_PPV,higher,0,,,,,,,0,0,,,,,False,False
BIDMC,2,w20s_nonoverlap,20 s / 0% overlap,Peak_Timing_Error_ms,lower,0,,,,,,,0,0,,,,,False,False
BIDMC,2,w20s_nonoverlap,20 s / 0% overlap,RR_MAE_SmartFusion,lower,0,,,,,,,0,0,,,,,False,False
BIDMC,2,w20s_nonoverlap,20 s / 0% overlap,SF_Retained_Ratio,higher,0,,,,,,,0,0,,,,,False,False
BIDMC,2,w20s_nonoverlap,20 s / 0% overlap,RR_MAE_Median3,lower,0,,,,,,,0,0,,,,,False,False
BIDMC,2,w20s_nonoverlap,20 s / 0% overlap,Ref_Valid_Ratio,higher,0,,,,,,,0,0,,,,,False,False
BIDMC,3,w60s_nonoverlap,60 s / 0% overlap,RR_MAE_BPM,lower,0,,,,,,,0,0,,,,,False,False
BIDMC,3,w60s_nonoverlap,60 s / 0% overlap,PCC_60s_Mean,higher,0,,,,,,,0,0,,,,,False,False
BIDMC,3,w60s_nonoverlap,60 s / 0% overlap,RR_MAE_Event,lower,0,,,,,,,0,0,,,,,False,False
BIDMC,3,w60s_nonoverlap,60 s / 0% overlap,RR_MAE_Wave_CtO,lower,0,,,,,,,0,0,,,,,False,False
BIDMC,3,w60s_nonoverlap,60 s / 0% overlap,RR_MAE_Wave_FFT,lower,0,,,,,,,0,0,,,,,False,False
BIDMC,3,w60s_nonoverlap,60 s / 0% overlap,RR_Bias_Event,higher,0,,,,,,,0,0,,,,,False,False
BIDMC,3,w60s_nonoverlap,60 s / 0% overlap,Peak_Wrong_per_min,lower,0,,,,,,,0,0,,,,,False,False
BIDMC,3,w60s_nonoverlap,60 s / 0% overlap,Peak_Missed_per_min,lower,0,,,,,,,0,0,,,,,False,False
BIDMC,3,w60s_nonoverlap,60 s / 0% overlap,Peak_Extra_per_min,lower,0,,,,,,,0,0,,,,,False,False
BIDMC,3,w60s_nonoverlap,60 s / 0% overlap,Peak_Sensitivity,higher,0,,,,,,,0,0,,,,,False,False
BIDMC,3,w60s_nonoverlap,60 s / 0% overlap,Peak_PPV,higher,0,,,,,,,0,0,,,,,False,False
BIDMC,3,w60s_nonoverlap,60 s / 0% overlap,Peak_Timing_Error_ms,lower,0,,,,,,,0,0,,,,,False,False
BIDMC,3,w60s_nonoverlap,60 s / 0% overlap,RR_MAE_SmartFusion,lower,0,,,,,,,0,0,,,,,False,False
BIDMC,3,w60s_nonoverlap,60 s / 0% overlap,SF_Retained_Ratio,higher,0,,,,,,,0,0,,,,,False,False
BIDMC,3,w60s_nonoverlap,60 s / 0% overlap,RR_MAE_Median3,lower,0,,,,,,,0,0,,,,,False,False
BIDMC,3,w60s_nonoverlap,60 s / 0% overlap,Ref_Valid_Ratio,higher,0,,,,,,,0,0,,,,,False,False
CapnoBase,1,w10s_nonoverlap,10 s / 0% overlap,RR_MAE_BPM,lower,42,2.6034580498866213,2.7774795748426175,3.774659863945578,3.213091943821811,1.1712018140589568,1.9266036877577948,6,30,0.0003102263029365378,0.00017314027396182893,0.0028207526833463874,0.001298552054713717,True,True
CapnoBase,1,w10s_nonoverlap,10 s / 0% overlap,PCC_60s_Mean,higher,42,0.7692814186468697,0.2432256383646477,0.7423823233744089,0.2507751284480323,-0.026899095272460684,0.09026545992606716,17,25,0.060384168638660266,0.04745488362641481,0.10064028106443378,0.07118232543962222,True,False
CapnoBase,1,w10s_nonoverlap,10 s / 0% overlap,RR_MAE_Event,lower,42,2.307709750566893,4.378273852605853,3.022704081632653,4.848867730154719,0.7149943310657596,1.8061219486090403,14,24,0.014055538870238363,0.056358441741449376,0.03513884717559591,0.07685242055652187,False,False
CapnoBase,1,w10s_nonoverlap,10 s / 0% overlap,RR_MAE_Wave_CtO,lower,42,2.3448412698412704,4.874168486578865,2.9337585034013607,4.606503261517098,0.5889172335600905,2.505815542293865,10,25,0.1354090743338153,0.02222495256539022,0.14508115107194497,0.037041587608983705,True,True
CapnoBase,1,w10s_nonoverlap,10 s / 0% overlap,RR_MAE_Wave_FFT,lower,42,2.4058921485260774,5.714750508437692,2.3698634141156463,5.106358300235006,-0.03602873441043083,3.2158236037606094,24,16,0.9424715225814325,0.3571594231085723,0.9424715225814325,0.3826708104734703,False,False
CapnoBase,1,w10s_nonoverlap,10 s / 0% overlap,RR_Bias_Event,higher,42,0.4016439909297053,4.896000682547566,1.3939625850340136,5.515838704912348,0.9923185941043083,1.6593006130844707,29,8,0.00037610035777951834,0.00014606862946479383,0.0028207526833463874,0.001298552054713717,True,True
CapnoBase,1,w10s_nonoverlap,10 s / 0% overlap,Peak_Wrong_per_min,lower,42,3.6473356009070295,6.049178004740848,4.143339002267574,6.222230416083337,0.4960034013605443,1.8657633102190996,18,22,0.09244768703059296,0.16805503971495328,0.1081706850781179,0.19390966120956146,False,False
CapnoBase,1,w10s_nonoverlap,10 s / 0% overlap,Peak_Missed_per_min,lower,42,1.6168934240362813,4.758971630325549,1.37468820861678,4.607752955936011,-0.24220521541950113,0.7080978196188763,21,7,0.032246410995035155,0.005805619276471835,0.06909945213221819,0.02177107228676938,True,True
CapnoBase,1,w10s_nonoverlap,10 s / 0% overlap,Peak_Extra_per_min,lower,42,2.030442176870748,2.772513980458216,2.7686507936507936,3.65224953717347,0.7382086167800453,1.6049837048977718,12,23,0.004818421370419387,0.005192424147622674,0.024092106852096933,0.02177107228676938,True,True
CapnoBase,1,w10s_nonoverlap,10 s / 0% overlap,Peak_Sensitivity,higher,42,0.9204862116834828,0.13602862295496174,0.9356843338991587,0.12910384517902798,0.015198122215675899,0.04960078187729396,21,8,0.05377495296926776,0.00807495506838702,0.10064028106443378,0.02422486520516106,True,True
CapnoBase,1,w10s_nonoverlap,10 s / 0% overlap,Peak_PPV,higher,42,0.8634015167781096,0.16539320379647052,0.8295897608486494,0.18347417545985062,-0.03381175592946027,0.08299221972849359,16,22,0.011664202541671305,0.010923099861455678,0.03513884717559591,0.024292146783539335,True,True
CapnoBase,1,w10s_nonoverlap,10 s / 0% overlap,Peak_Timing_Error_ms,lower,42,331.12872382660686,235.34574552636172,369.56653897949366,267.19567078088215,38.43781515288682,145.1835716475955,21,21,0.09374792706770219,0.6829280493789156,0.1081706850781179,0.6829280493789156,False,False
CapnoBase,1,w10s_nonoverlap,10 s / 0% overlap,RR_MAE_SmartFusion,lower,42,1.814311401643991,4.495955639733932,2.6929296284486015,4.911186323350462,0.8786182268046109,2.2059645243239063,15,27,0.01351963639858514,0.01133633516565169,0.03513884717559591,0.024292146783539335,True,True
CapnoBase,1,w10s_nonoverlap,10 s / 0% overlap,SF_Retained_Ratio,higher,42,0.8630102040816325,0.23744589049664622,0.9252834467120182,0.18640443429419126,0.062273242630385486,0.23120406202422508,12,2,0.08838124181270325,0.06331909548736434,0.1081706850781179,0.07914886935920541,False,False
CapnoBase,1,w10s_nonoverlap,10 s / 0% overlap,RR_MAE_Median3,lower,42,2.0495110544217687,4.6933619618209175,2.728821658871882,4.728703044910459,0.6793106044501134,2.4139771590273287,13,28,0.07548860308453721,0.016809771767891783,0.1081706850781179,0.03151832206479709,True,True
CapnoBase,1,w10s_nonoverlap,10 s / 0% overlap,Ref_Valid_Ratio,higher,42,0.9227607709750565,0.17068071533043275,0.9227607709750565,0.17068071533043275,0.0,0.0,0,0,,,,,False,False
CapnoBase,2,w20s_nonoverlap,20 s / 0% overlap,RR_MAE_BPM,lower,0,,,,,,,0,0,,,,,False,False
CapnoBase,2,w20s_nonoverlap,20 s / 0% overlap,PCC_60s_Mean,higher,0,,,,,,,0,0,,,,,False,False
CapnoBase,2,w20s_nonoverlap,20 s / 0% overlap,RR_MAE_Event,lower,0,,,,,,,0,0,,,,,False,False
CapnoBase,2,w20s_nonoverlap,20 s / 0% overlap,RR_MAE_Wave_CtO,lower,0,,,,,,,0,0,,,,,False,False
CapnoBase,2,w20s_nonoverlap,20 s / 0% overlap,RR_MAE_Wave_FFT,lower,0,,,,,,,0,0,,,,,False,False
CapnoBase,2,w20s_nonoverlap,20 s / 0% overlap,RR_Bias_Event,higher,0,,,,,,,0,0,,,,,False,False
CapnoBase,2,w20s_nonoverlap,20 s / 0% overlap,Peak_Wrong_per_min,lower,0,,,,,,,0,0,,,,,False,False
CapnoBase,2,w20s_nonoverlap,20 s / 0% overlap,Peak_Missed_per_min,lower,0,,,,,,,0,0,,,,,False,False
CapnoBase,2,w20s_nonoverlap,20 s / 0% overlap,Peak_Extra_per_min,lower,0,,,,,,,0,0,,,,,False,False
CapnoBase,2,w20s_nonoverlap,20 s / 0% overlap,Peak_Sensitivity,higher,0,,,,,,,0,0,,,,,False,False
CapnoBase,2,w20s_nonoverlap,20 s / 0% overlap,Peak_PPV,higher,0,,,,,,,0,0,,,,,False,False
CapnoBase,2,w20s_nonoverlap,20 s / 0% overlap,Peak_Timing_Error_ms,lower,0,,,,,,,0,0,,,,,False,False
CapnoBase,2,w20s_nonoverlap,20 s / 0% overlap,RR_MAE_SmartFusion,lower,0,,,,,,,0,0,,,,,False,False
CapnoBase,2,w20s_nonoverlap,20 s / 0% overlap,SF_Retained_Ratio,higher,0,,,,,,,0,0,,,,,False,False
CapnoBase,2,w20s_nonoverlap,20 s / 0% overlap,RR_MAE_Median3,lower,0,,,,,,,0,0,,,,,False,False
CapnoBase,2,w20s_nonoverlap,20 s / 0% overlap,Ref_Valid_Ratio,higher,0,,,,,,,0,0,,,,,False,False
CapnoBase,3,w60s_nonoverlap,60 s / 0% overlap,RR_MAE_BPM,lower,0,,,,,,,0,0,,,,,False,False
CapnoBase,3,w60s_nonoverlap,60 s / 0% overlap,PCC_60s_Mean,higher,0,,,,,,,0,0,,,,,False,False
CapnoBase,3,w60s_nonoverlap,60 s / 0% overlap,RR_MAE_Event,lower,0,,,,,,,0,0,,,,,False,False
CapnoBase,3,w60s_nonoverlap,60 s / 0% overlap,RR_MAE_Wave_CtO,lower,0,,,,,,,0,0,,,,,False,False
CapnoBase,3,w60s_nonoverlap,60 s / 0% overlap,RR_MAE_Wave_FFT,lower,0,,,,,,,0,0,,,,,False,False
CapnoBase,3,w60s_nonoverlap,60 s / 0% overlap,RR_Bias_Event,higher,0,,,,,,,0,0,,,,,False,False
CapnoBase,3,w60s_nonoverlap,60 s / 0% overlap,Peak_Wrong_per_min,lower,0,,,,,,,0,0,,,,,False,False
CapnoBase,3,w60s_nonoverlap,60 s / 0% overlap,Peak_Missed_per_min,lower,0,,,,,,,0,0,,,,,False,False
CapnoBase,3,w60s_nonoverlap,60 s / 0% overlap,Peak_Extra_per_min,lower,0,,,,,,,0,0,,,,,False,False
CapnoBase,3,w60s_nonoverlap,60 s / 0% overlap,Peak_Sensitivity,higher,0,,,,,,,0,0,,,,,False,False
CapnoBase,3,w60s_nonoverlap,60 s / 0% overlap,Peak_PPV,higher,0,,,,,,,0,0,,,,,False,False
CapnoBase,3,w60s_nonoverlap,60 s / 0% overlap,Peak_Timing_Error_ms,lower,0,,,,,,,0,0,,,,,False,False
CapnoBase,3,w60s_nonoverlap,60 s / 0% overlap,RR_MAE_SmartFusion,lower,0,,,,,,,0,0,,,,,False,False
CapnoBase,3,w60s_nonoverlap,60 s / 0% overlap,SF_Retained_Ratio,higher,0,,,,,,,0,0,,,,,False,False
CapnoBase,3,w60s_nonoverlap,60 s / 0% overlap,RR_MAE_Median3,lower,0,,,,,,,0,0,,,,,False,False
CapnoBase,3,w60s_nonoverlap,60 s / 0% overlap,Ref_Valid_Ratio,higher,0,,,,,,,0,0,,,,,False,False
STEAM2,1,w10s_nonoverlap,10 s / 0% overlap,RR_MAE_BPM,lower,0,,,,,,,0,0,,,,,False,False
STEAM2,1,w10s_nonoverlap,10 s / 0% overlap,PCC_60s_Mean,higher,0,,,,,,,0,0,,,,,False,False
STEAM2,1,w10s_nonoverlap,10 s / 0% overlap,RR_MAE_Event,lower,0,,,,,,,0,0,,,,,False,False
STEAM2,1,w10s_nonoverlap,10 s / 0% overlap,RR_MAE_Wave_CtO,lower,0,,,,,,,0,0,,,,,False,False
STEAM2,1,w10s_nonoverlap,10 s / 0% overlap,RR_MAE_Wave_FFT,lower,0,,,,,,,0,0,,,,,False,False
STEAM2,1,w10s_nonoverlap,10 s / 0% overlap,RR_Bias_Event,higher,0,,,,,,,0,0,,,,,False,False
STEAM2,1,w10s_nonoverlap,10 s / 0% overlap,Peak_Wrong_per_min,lower,0,,,,,,,0,0,,,,,False,False
STEAM2,1,w10s_nonoverlap,10 s / 0% overlap,Peak_Missed_per_min,lower,0,,,,,,,0,0,,,,,False,False
STEAM2,1,w10s_nonoverlap,10 s / 0% overlap,Peak_Extra_per_min,lower,0,,,,,,,0,0,,,,,False,False
STEAM2,1,w10s_nonoverlap,10 s / 0% overlap,Peak_Sensitivity,higher,0,,,,,,,0,0,,,,,False,False
STEAM2,1,w10s_nonoverlap,10 s / 0% overlap,Peak_PPV,higher,0,,,,,,,0,0,,,,,False,False
STEAM2,1,w10s_nonoverlap,10 s / 0% overlap,Peak_Timing_Error_ms,lower,0,,,,,,,0,0,,,,,False,False
STEAM2,1,w10s_nonoverlap,10 s / 0% overlap,RR_MAE_SmartFusion,lower,0,,,,,,,0,0,,,,,False,False
STEAM2,1,w10s_nonoverlap,10 s / 0% overlap,SF_Retained_Ratio,higher,0,,,,,,,0,0,,,,,False,False
STEAM2,1,w10s_nonoverlap,10 s / 0% overlap,RR_MAE_Median3,lower,0,,,,,,,0,0,,,,,False,False
STEAM2,1,w10s_nonoverlap,10 s / 0% overlap,Ref_Valid_Ratio,higher,0,,,,,,,0,0,,,,,False,False
STEAM2,2,w20s_nonoverlap,20 s / 0% overlap,RR_MAE_BPM,lower,0,,,,,,,0,0,,,,,False,False
STEAM2,2,w20s_nonoverlap,20 s / 0% overlap,PCC_60s_Mean,higher,0,,,,,,,0,0,,,,,False,False
STEAM2,2,w20s_nonoverlap,20 s / 0% overlap,RR_MAE_Event,lower,0,,,,,,,0,0,,,,,False,False
STEAM2,2,w20s_nonoverlap,20 s / 0% overlap,RR_MAE_Wave_CtO,lower,0,,,,,,,0,0,,,,,False,False
STEAM2,2,w20s_nonoverlap,20 s / 0% overlap,RR_MAE_Wave_FFT,lower,0,,,,,,,0,0,,,,,False,False
STEAM2,2,w20s_nonoverlap,20 s / 0% overlap,RR_Bias_Event,higher,0,,,,,,,0,0,,,,,False,False
STEAM2,2,w20s_nonoverlap,20 s / 0% overlap,Peak_Wrong_per_min,lower,0,,,,,,,0,0,,,,,False,False
STEAM2,2,w20s_nonoverlap,20 s / 0% overlap,Peak_Missed_per_min,lower,0,,,,,,,0,0,,,,,False,False
STEAM2,2,w20s_nonoverlap,20 s / 0% overlap,Peak_Extra_per_min,lower,0,,,,,,,0,0,,,,,False,False
STEAM2,2,w20s_nonoverlap,20 s / 0% overlap,Peak_Sensitivity,higher,0,,,,,,,0,0,,,,,False,False
STEAM2,2,w20s_nonoverlap,20 s / 0% overlap,Peak_PPV,higher,0,,,,,,,0,0,,,,,False,False
STEAM2,2,w20s_nonoverlap,20 s / 0% overlap,Peak_Timing_Error_ms,lower,0,,,,,,,0,0,,,,,False,False
STEAM2,2,w20s_nonoverlap,20 s / 0% overlap,RR_MAE_SmartFusion,lower,0,,,,,,,0,0,,,,,False,False
STEAM2,2,w20s_nonoverlap,20 s / 0% overlap,SF_Retained_Ratio,higher,0,,,,,,,0,0,,,,,False,False
STEAM2,2,w20s_nonoverlap,20 s / 0% overlap,RR_MAE_Median3,lower,0,,,,,,,0,0,,,,,False,False
STEAM2,2,w20s_nonoverlap,20 s / 0% overlap,Ref_Valid_Ratio,higher,0,,,,,,,0,0,,,,,False,False
STEAM2,3,w60s_nonoverlap,60 s / 0% overlap,RR_MAE_BPM,lower,0,,,,,,,0,0,,,,,False,False
STEAM2,3,w60s_nonoverlap,60 s / 0% overlap,PCC_60s_Mean,higher,0,,,,,,,0,0,,,,,False,False
STEAM2,3,w60s_nonoverlap,60 s / 0% overlap,RR_MAE_Event,lower,0,,,,,,,0,0,,,,,False,False
STEAM2,3,w60s_nonoverlap,60 s / 0% overlap,RR_MAE_Wave_CtO,lower,0,,,,,,,0,0,,,,,False,False
STEAM2,3,w60s_nonoverlap,60 s / 0% overlap,RR_MAE_Wave_FFT,lower,0,,,,,,,0,0,,,,,False,False
STEAM2,3,w60s_nonoverlap,60 s / 0% overlap,RR_Bias_Event,higher,0,,,,,,,0,0,,,,,False,False
STEAM2,3,w60s_nonoverlap,60 s / 0% overlap,Peak_Wrong_per_min,lower,0,,,,,,,0,0,,,,,False,False
STEAM2,3,w60s_nonoverlap,60 s / 0% overlap,Peak_Missed_per_min,lower,0,,,,,,,0,0,,,,,False,False
STEAM2,3,w60s_nonoverlap,60 s / 0% overlap,Peak_Extra_per_min,lower,0,,,,,,,0,0,,,,,False,False
STEAM2,3,w60s_nonoverlap,60 s / 0% overlap,Peak_Sensitivity,higher,0,,,,,,,0,0,,,,,False,False
STEAM2,3,w60s_nonoverlap,60 s / 0% overlap,Peak_PPV,higher,0,,,,,,,0,0,,,,,False,False
STEAM2,3,w60s_nonoverlap,60 s / 0% overlap,Peak_Timing_Error_ms,lower,0,,,,,,,0,0,,,,,False,False
STEAM2,3,w60s_nonoverlap,60 s / 0% overlap,RR_MAE_SmartFusion,lower,0,,,,,,,0,0,,,,,False,False
STEAM2,3,w60s_nonoverlap,60 s / 0% overlap,SF_Retained_Ratio,higher,0,,,,,,,0,0,,,,,False,False
STEAM2,3,w60s_nonoverlap,60 s / 0% overlap,RR_MAE_Median3,lower,0,,,,,,,0,0,,,,,False,False
STEAM2,3,w60s_nonoverlap,60 s / 0% overlap,Ref_Valid_Ratio,higher,0,,,,,,,0,0,,,,,False,False
CombinedAllDatasets,1,w10s_nonoverlap,10 s / 0% overlap,RR_MAE_BPM,lower,42,2.6034580498866213,2.7774795748426175,3.774659863945578,3.213091943821811,1.1712018140589568,1.9266036877577948,6,30,0.0003102263029365378,0.00017314027396182893,0.0028207526833463874,0.001298552054713717,True,True
CombinedAllDatasets,1,w10s_nonoverlap,10 s / 0% overlap,PCC_60s_Mean,higher,42,0.7692814186468697,0.2432256383646477,0.7423823233744089,0.2507751284480323,-0.026899095272460684,0.09026545992606716,17,25,0.060384168638660266,0.04745488362641481,0.10064028106443378,0.07118232543962222,True,False
CombinedAllDatasets,1,w10s_nonoverlap,10 s / 0% overlap,RR_MAE_Event,lower,42,2.307709750566893,4.378273852605853,3.022704081632653,4.848867730154719,0.7149943310657596,1.8061219486090403,14,24,0.014055538870238363,0.056358441741449376,0.03513884717559591,0.07685242055652187,False,False
CombinedAllDatasets,1,w10s_nonoverlap,10 s / 0% overlap,RR_MAE_Wave_CtO,lower,42,2.3448412698412704,4.874168486578865,2.9337585034013607,4.606503261517098,0.5889172335600905,2.505815542293865,10,25,0.1354090743338153,0.02222495256539022,0.14508115107194497,0.037041587608983705,True,True
CombinedAllDatasets,1,w10s_nonoverlap,10 s / 0% overlap,RR_MAE_Wave_FFT,lower,42,2.4058921485260774,5.714750508437692,2.3698634141156463,5.106358300235006,-0.03602873441043083,3.2158236037606094,24,16,0.9424715225814325,0.3571594231085723,0.9424715225814325,0.3826708104734703,False,False
CombinedAllDatasets,1,w10s_nonoverlap,10 s / 0% overlap,RR_Bias_Event,higher,42,0.4016439909297053,4.896000682547566,1.3939625850340136,5.515838704912348,0.9923185941043083,1.6593006130844707,29,8,0.00037610035777951834,0.00014606862946479383,0.0028207526833463874,0.001298552054713717,True,True
CombinedAllDatasets,1,w10s_nonoverlap,10 s / 0% overlap,Peak_Wrong_per_min,lower,42,3.6473356009070295,6.049178004740848,4.143339002267574,6.222230416083337,0.4960034013605443,1.8657633102190996,18,22,0.09244768703059296,0.16805503971495328,0.1081706850781179,0.19390966120956146,False,False
CombinedAllDatasets,1,w10s_nonoverlap,10 s / 0% overlap,Peak_Missed_per_min,lower,42,1.6168934240362813,4.758971630325549,1.37468820861678,4.607752955936011,-0.24220521541950113,0.7080978196188763,21,7,0.032246410995035155,0.005805619276471835,0.06909945213221819,0.02177107228676938,True,True
CombinedAllDatasets,1,w10s_nonoverlap,10 s / 0% overlap,Peak_Extra_per_min,lower,42,2.030442176870748,2.772513980458216,2.7686507936507936,3.65224953717347,0.7382086167800453,1.6049837048977718,12,23,0.004818421370419387,0.005192424147622674,0.024092106852096933,0.02177107228676938,True,True
CombinedAllDatasets,1,w10s_nonoverlap,10 s / 0% overlap,Peak_Sensitivity,higher,42,0.9204862116834828,0.13602862295496174,0.9356843338991587,0.12910384517902798,0.015198122215675899,0.04960078187729396,21,8,0.05377495296926776,0.00807495506838702,0.10064028106443378,0.02422486520516106,True,True
CombinedAllDatasets,1,w10s_nonoverlap,10 s / 0% overlap,Peak_PPV,higher,42,0.8634015167781096,0.16539320379647052,0.8295897608486494,0.18347417545985062,-0.03381175592946027,0.08299221972849359,16,22,0.011664202541671305,0.010923099861455678,0.03513884717559591,0.024292146783539335,True,True
CombinedAllDatasets,1,w10s_nonoverlap,10 s / 0% overlap,Peak_Timing_Error_ms,lower,42,331.12872382660686,235.34574552636172,369.56653897949366,267.19567078088215,38.43781515288682,145.1835716475955,21,21,0.09374792706770219,0.6829280493789156,0.1081706850781179,0.6829280493789156,False,False
CombinedAllDatasets,1,w10s_nonoverlap,10 s / 0% overlap,RR_MAE_SmartFusion,lower,42,1.814311401643991,4.495955639733932,2.6929296284486015,4.911186323350462,0.8786182268046109,2.2059645243239063,15,27,0.01351963639858514,0.01133633516565169,0.03513884717559591,0.024292146783539335,True,True
CombinedAllDatasets,1,w10s_nonoverlap,10 s / 0% overlap,SF_Retained_Ratio,higher,42,0.8630102040816325,0.23744589049664622,0.9252834467120182,0.18640443429419126,0.062273242630385486,0.23120406202422508,12,2,0.08838124181270325,0.06331909548736434,0.1081706850781179,0.07914886935920541,False,False
CombinedAllDatasets,1,w10s_nonoverlap,10 s / 0% overlap,RR_MAE_Median3,lower,42,2.0495110544217687,4.6933619618209175,2.728821658871882,4.728703044910459,0.6793106044501134,2.4139771590273287,13,28,0.07548860308453721,0.016809771767891783,0.1081706850781179,0.03151832206479709,True,True
CombinedAllDatasets,1,w10s_nonoverlap,10 s / 0% overlap,Ref_Valid_Ratio,higher,42,0.9227607709750565,0.17068071533043275,0.9227607709750565,0.17068071533043275,0.0,0.0,0,0,,,,,False,False
CombinedAllDatasets,2,w20s_nonoverlap,20 s / 0% overlap,RR_MAE_BPM,lower,0,,,,,,,0,0,,,,,False,False
CombinedAllDatasets,2,w20s_nonoverlap,20 s / 0% overlap,PCC_60s_Mean,higher,0,,,,,,,0,0,,,,,False,False
CombinedAllDatasets,2,w20s_nonoverlap,20 s / 0% overlap,RR_MAE_Event,lower,0,,,,,,,0,0,,,,,False,False
CombinedAllDatasets,2,w20s_nonoverlap,20 s / 0% overlap,RR_MAE_Wave_CtO,lower,0,,,,,,,0,0,,,,,False,False
CombinedAllDatasets,2,w20s_nonoverlap,20 s / 0% overlap,RR_MAE_Wave_FFT,lower,0,,,,,,,0,0,,,,,False,False
CombinedAllDatasets,2,w20s_nonoverlap,20 s / 0% overlap,RR_Bias_Event,higher,0,,,,,,,0,0,,,,,False,False
CombinedAllDatasets,2,w20s_nonoverlap,20 s / 0% overlap,Peak_Wrong_per_min,lower,0,,,,,,,0,0,,,,,False,False
CombinedAllDatasets,2,w20s_nonoverlap,20 s / 0% overlap,Peak_Missed_per_min,lower,0,,,,,,,0,0,,,,,False,False
CombinedAllDatasets,2,w20s_nonoverlap,20 s / 0% overlap,Peak_Extra_per_min,lower,0,,,,,,,0,0,,,,,False,False
CombinedAllDatasets,2,w20s_nonoverlap,20 s / 0% overlap,Peak_Sensitivity,higher,0,,,,,,,0,0,,,,,False,False
CombinedAllDatasets,2,w20s_nonoverlap,20 s / 0% overlap,Peak_PPV,higher,0,,,,,,,0,0,,,,,False,False
CombinedAllDatasets,2,w20s_nonoverlap,20 s / 0% overlap,Peak_Timing_Error_ms,lower,0,,,,,,,0,0,,,,,False,False
CombinedAllDatasets,2,w20s_nonoverlap,20 s / 0% overlap,RR_MAE_SmartFusion,lower,0,,,,,,,0,0,,,,,False,False
CombinedAllDatasets,2,w20s_nonoverlap,20 s / 0% overlap,SF_Retained_Ratio,higher,0,,,,,,,0,0,,,,,False,False
CombinedAllDatasets,2,w20s_nonoverlap,20 s / 0% overlap,RR_MAE_Median3,lower,0,,,,,,,0,0,,,,,False,False
CombinedAllDatasets,2,w20s_nonoverlap,20 s / 0% overlap,Ref_Valid_Ratio,higher,0,,,,,,,0,0,,,,,False,False
CombinedAllDatasets,3,w60s_nonoverlap,60 s / 0% overlap,RR_MAE_BPM,lower,0,,,,,,,0,0,,,,,False,False
CombinedAllDatasets,3,w60s_nonoverlap,60 s / 0% overlap,PCC_60s_Mean,higher,0,,,,,,,0,0,,,,,False,False
CombinedAllDatasets,3,w60s_nonoverlap,60 s / 0% overlap,RR_MAE_Event,lower,0,,,,,,,0,0,,,,,False,False
CombinedAllDatasets,3,w60s_nonoverlap,60 s / 0% overlap,RR_MAE_Wave_CtO,lower,0,,,,,,,0,0,,,,,False,False
CombinedAllDatasets,3,w60s_nonoverlap,60 s / 0% overlap,RR_MAE_Wave_FFT,lower,0,,,,,,,0,0,,,,,False,False
CombinedAllDatasets,3,w60s_nonoverlap,60 s / 0% overlap,RR_Bias_Event,higher,0,,,,,,,0,0,,,,,False,False
CombinedAllDatasets,3,w60s_nonoverlap,60 s / 0% overlap,Peak_Wrong_per_min,lower,0,,,,,,,0,0,,,,,False,False
CombinedAllDatasets,3,w60s_nonoverlap,60 s / 0% overlap,Peak_Missed_per_min,lower,0,,,,,,,0,0,,,,,False,False
CombinedAllDatasets,3,w60s_nonoverlap,60 s / 0% overlap,Peak_Extra_per_min,lower,0,,,,,,,0,0,,,,,False,False
CombinedAllDatasets,3,w60s_nonoverlap,60 s / 0% overlap,Peak_Sensitivity,higher,0,,,,,,,0,0,,,,,False,False
CombinedAllDatasets,3,w60s_nonoverlap,60 s / 0% overlap,Peak_PPV,higher,0,,,,,,,0,0,,,,,False,False
CombinedAllDatasets,3,w60s_nonoverlap,60 s / 0% overlap,Peak_Timing_Error_ms,lower,0,,,,,,,0,0,,,,,False,False
CombinedAllDatasets,3,w60s_nonoverlap,60 s / 0% overlap,RR_MAE_SmartFusion,lower,0,,,,,,,0,0,,,,,False,False
CombinedAllDatasets,3,w60s_nonoverlap,60 s / 0% overlap,SF_Retained_Ratio,higher,0,,,,,,,0,0,,,,,False,False
CombinedAllDatasets,3,w60s_nonoverlap,60 s / 0% overlap,RR_MAE_Median3,lower,0,,,,,,,0,0,,,,,False,False
CombinedAllDatasets,3,w60s_nonoverlap,60 s / 0% overlap,Ref_Valid_Ratio,higher,0,,,,,,,0,0,,,,,False,False
